UID,Declaration_date,Ceasefire_start,Ceasefire_termination,Country_entity,Region_entity,UCDP_code,Longitude_central,Latitude_central,Declaration_type,Reciprocated,Actors,Actors_type,PDF,Headline,Information,Past_agreements,Past_ceasefires,Sources,Media,Media_credit,Media_caption
C10-1,2020-03-23,,,United Nations,worldwide,N/A,,,Related event,0,UN Secretary-General António Guterres,Non-state,,UN Secretary General calls for global ceasefire,"On 23 March 2020, United Nations Secretary General António Guterres called for a global ceasefire to stop violent conflict in support of the fight against the COVID-19 pandemic.",,,https://news.un.org/en/story/2020/03/1059972,https://youtu.be/JH9sZxVlpDo,,
C10-2,2020-07-01,,,United Nations,worldwide,N/A,,,Related event,0,UN Security Council (UNSC),Non-state,,UN Security Council adopts resolution backing global ceasefire call,"More than three months after UN Secretary General (UNSG) Antonio Guterres called for a global ceasefire, the UN Security Council (UNSC) unanimously voted in favour of a resolution backing the call. The newly adopted Resolution 2530 (2020) stated that the UNSC's call upon conlict parties to engage in a ""durable humanitarian pause"", which should last for at least 90 days. Excluded from this call are operations  against Council-designated terrorist groups such as Da'esh, Al Qaeda and Al Nusra Front. UNSG GUterres welcomed the resolution and the UNSC's recognition of his appeal for a global ceasefire.",,,"https://news.un.org/en/story/2020/07/1067552

https://www.un.org/sg/en/content/sg/note-correspondents/2020-07-01/note-correspondents-answer-questions-regarding-the-unanimous-adoption-of-the-security-council-resolution-covid-19",,,
C11-1,2020-03-29,,,Colombia,"North, northeast and southwest Colombia and Venezuela border regions",289,-74.0817,4.6097,Unilateral ceasefire,0,National Liberation Army/Ejército de Liberación Nacional (ELN),Non-state,https://www.politicalsettlements.org/wp-content/uploads/2020/06/Colombia-ELN-Ceasefire-Text.pdf,ELN announce unilateral ceasefire,"The National Liberation Army (ELN) announced a temporary unilateral ceasefire with the Colombian government on 29/03/2020, as ""humanitarian gesture"" in the face of COVID-19. The statement reserved the right of the ELN to defend itself against ""attacks by state forces, made up of regular troops, paramilitaries and drug gangs in various regions of the country"" and urged the Iván Duque governement to suspend military operations and to resume dialogue with ELN delegates in Cuba to agree on a bilateral and temporary cessation. The ELN also made other demands in the statement including the release of political prisoners, the free provision of the COVID-19 test kits and that ""health must once again be an inalienable right, mandatory coverage by the State"", among others.",https://www.peaceagreements.org/searchadv?SearchForm%5Bregion%5D%5B%5D=2&SearchForm%5Bcountry_entity%5D%5B%5D=32&SearchForm%5Bname%5D=&SearchForm%5Bdate_after%5D=&SearchForm%5Bdate_before%5D=&SearchForm%5Bcategory_mode%5D=any&SearchForm%5Bagreement_text%5D=&SearchForm%5Bversion%5D=&s=Search+Database&timeline,https://www.peaceagreements.org/searchadv?SearchForm%5Bregion%5D%5B%5D=2&SearchForm%5Bcountry_entity%5D%5B%5D=32&SearchForm%5Bname%5D=&SearchForm%5Bdate_after%5D=&SearchForm%5Bdate_before%5D=&SearchForm%5Bcategory_mode%5D=any&SearchForm%5Bagreement_text%5D=&SearchForm%5Bagreement_stage_sub%5D%5B%5D=Ceasefire%2Frelated&SearchForm%5Bversion%5D=&s=Search+Database&timeline,"https://www.telesurtv.net/news/colombia-eln-declara-cese-fuego-unilateral-coronavirus-20200330-0002.html
 
https://www.bbc.com/news/world-latin-america-52090169
  
https://www.crisisgroup.org/latin-america-caribbean/andes/colombia/b24-broken-ties-frozen-borders-colombia-and-venezuela-face-covid-19
  
https://colombiareports.com/colombias-eln-rebels-reject-peace-negotiators/",https://www.politicalsettlements.org/wp-content/uploads/2020/06/Colombia-ELN-Ceasefire-Text.png,,
C11-2,2020-04-01,2020-04-01,2020-04-30,Colombia,"North, northeast and southwest Colombia and Venezuela border regions",289,-74.0817,4.6097,Unilateral ceasefire,0,National Liberation Army/Ejército de Liberación Nacional (ELN),Non-state,https://www.politicalsettlements.org/wp-content/uploads/2020/06/Colombia-ELN-Ceasefire-Text.pdf,ELN ceasefire commences,"The temporary unilateral ceasefire by the National Liberation Army (ELN) with the Colombian government, which was announced on 29/03/2020, commences. It was not reciprocated by the Colombian government. It was termed as ""insufficient"" by the Colombian government's High Commissioner for Peace Miguel Ceballos, who called for the ELN to “extend [its] terms indefinitely” and comply with the Government's set pre-conditions for resuming peace negotiations.",https://www.peaceagreements.org/searchadv?SearchForm%5Bregion%5D%5B%5D=2&SearchForm%5Bcountry_entity%5D%5B%5D=32&SearchForm%5Bname%5D=&SearchForm%5Bdate_after%5D=&SearchForm%5Bdate_before%5D=&SearchForm%5Bcategory_mode%5D=any&SearchForm%5Bagreement_text%5D=&SearchForm%5Bversion%5D=&s=Search+Database&timeline,https://www.peaceagreements.org/searchadv?SearchForm%5Bregion%5D%5B%5D=2&SearchForm%5Bcountry_entity%5D%5B%5D=32&SearchForm%5Bname%5D=&SearchForm%5Bdate_after%5D=&SearchForm%5Bdate_before%5D=&SearchForm%5Bcategory_mode%5D=any&SearchForm%5Bagreement_text%5D=&SearchForm%5Bagreement_stage_sub%5D%5B%5D=Ceasefire%2Frelated&SearchForm%5Bversion%5D=&s=Search+Database&timeline,"https://www.telesurtv.net/news/colombia-eln-declara-cese-fuego-unilateral-coronavirus-20200330-0002.html
 
https://www.bbc.com/news/world-latin-america-52090169
  
https://www.crisisgroup.org/latin-america-caribbean/andes/colombia/b24-broken-ties-frozen-borders-colombia-and-venezuela-face-covid-19
  
https://colombiareports.com/colombias-eln-rebels-reject-peace-negotiators/",https://www.politicalsettlements.org/wp-content/uploads/2020/06/Colombia-ELN-Ceasefire-Text.png,,
C11-3,2020-04-27,,,Colombia,"North, northeast and southwest Colombia and Venezuela border regions",289,-74.0817,4.6097,Update to ceasefire,0,National Liberation Army/Ejército de Liberación Nacional (ELN),Non-state,,ELN announces ceasefire would not be extended,"The National Liberation Army (ELN) published a statement on 27/04/2020 announcing that it would not extend its unilateral ceasefire and resume military operations on 01/05/2020. The group cited the ""unfortunate"" unreciprocated response from the Colombian government as the reason for not extending the ceasefire and accused the Colombian government of taking advantage of the unilateral cessation.

The Colombian government's High Commissioner for Peace Miguel Ceballos rejected the ELN’s decision, terming it as a ""move away from the reality of the country"" and demanded a permanent ceasefire, release of hostages and forcibly recruited minors, as well as a halt to anti-personnel mine installation. Ceballos had shown no interest in a bilateral ceasefire.",https://www.peaceagreements.org/searchadv?SearchForm%5Bregion%5D%5B%5D=2&SearchForm%5Bcountry_entity%5D%5B%5D=32&SearchForm%5Bname%5D=&SearchForm%5Bdate_after%5D=&SearchForm%5Bdate_before%5D=&SearchForm%5Bcategory_mode%5D=any&SearchForm%5Bagreement_text%5D=&SearchForm%5Bversion%5D=&s=Search+Database&timeline,https://www.peaceagreements.org/searchadv?SearchForm%5Bregion%5D%5B%5D=2&SearchForm%5Bcountry_entity%5D%5B%5D=32&SearchForm%5Bname%5D=&SearchForm%5Bdate_after%5D=&SearchForm%5Bdate_before%5D=&SearchForm%5Bcategory_mode%5D=any&SearchForm%5Bagreement_text%5D=&SearchForm%5Bagreement_stage_sub%5D%5B%5D=Ceasefire%2Frelated&SearchForm%5Bversion%5D=&s=Search+Database&timeline,"https://www.telesurtv.net/news/gobierno-colombiano-exige-eln-cese-fuego-permanente-20200429-0004.html

https://colombiareports.com/eln-ends-coronavirus-ceasefire-weeks-ahead-of-expected-peak-in-infections/

https://twitter.com/ELTIEMPO/status/1255246836295708674",https://www.politicalsettlements.org/wp-content/uploads/2020/06/ELN_grafitti.jpg,"by KyleEJohnson, licensed under CC BY-NC-ND 2.0.",EN Grafitti
C11-4,2020-05-04,,,Colombia,"North, northeast and southwest Colombia and Venezuela border regions",289,-74.0817,4.6097,Related event,0,National Liberation Army/Ejército de Liberación Nacional (ELN),Non-state,,ELN adopts no-first-strike-policy for COVID-19 period,"On 04/05/2020, the National Liberation Army (ELN) announced it would adopt a defensive strategy during the COVID-19 pandemic. Former peace negotiator Pablo Beltran, a member of the guerrilla group’s Central Command, said that following the one-month ceasefire that ended on 30/04/2020, the group “will not have attack plans, but defense plans.” ELN leadership also urged a bilateral ceasefire and called on the UN and Pope Francis to lobby for this with the Colombian government.

The focus of the High Commissioner for Peace is currently on promoting the individual demobilisation of ELN members, having passed a decree that allows members of illegal armed groups, including the ELN, to capitulate to the justice system and be allowed to take part in a reintegration program.The Commissioner reported that 20 ELN guerrillas had demobilized in the southwestern Cauca province at the beginning of May 2020.",https://www.peaceagreements.org/searchadv?SearchForm%5Bregion%5D%5B%5D=2&SearchForm%5Bcountry_entity%5D%5B%5D=32&SearchForm%5Bname%5D=&SearchForm%5Bdate_after%5D=&SearchForm%5Bdate_before%5D=&SearchForm%5Bcategory_mode%5D=any&SearchForm%5Bagreement_text%5D=&SearchForm%5Bversion%5D=&s=Search+Database&timeline,https://www.peaceagreements.org/searchadv?SearchForm%5Bregion%5D%5B%5D=2&SearchForm%5Bcountry_entity%5D%5B%5D=32&SearchForm%5Bname%5D=&SearchForm%5Bdate_after%5D=&SearchForm%5Bdate_before%5D=&SearchForm%5Bcategory_mode%5D=any&SearchForm%5Bagreement_text%5D=&SearchForm%5Bagreement_stage_sub%5D%5B%5D=Ceasefire%2Frelated&SearchForm%5Bversion%5D=&s=Search+Database&timeline,https://colombiareports.com/colombias-eln-rebels-have-no-offensive-plans-but-defensive-plans-during-coronavirus-crisis/,,,
C11-5,2020-05-29,,,Colombia,"North, northeast and southwest Colombia and Venezuela border regions",289,-74.0817,4.6097,Update to ceasefire,0,National Liberation Army/Ejército de Liberación Nacional (ELN),Non-state,,ELN and Government discuss potential ceasefire,"Head of negotiating team of the National Liberation Army (ELN), Pablo Beltrán, stated that the ELN would be willing to participate in a three-month global ceasefire that is being discussed at the United Nations to contain the spread of the coronavirus. He says that the group hopes that President Iván Duque will also support the cessation of hostilities.

President Duque demands from the ELN that a unilateral cessation of hostilities must include the suspension of kidnappings, the release of unlawfully detained prisoners, the commitment not to recruit minors and to abandon the use of antipersonnel mines.",https://www.peaceagreements.org/searchadv?SearchForm%5Bregion%5D%5B%5D=2&SearchForm%5Bcountry_entity%5D%5B%5D=32&SearchForm%5Bname%5D=&SearchForm%5Bdate_after%5D=&SearchForm%5Bdate_before%5D=&SearchForm%5Bcategory_mode%5D=any&SearchForm%5Bagreement_text%5D=&SearchForm%5Bversion%5D=&s=Search+Database&timeline,https://www.peaceagreements.org/searchadv?SearchForm%5Bregion%5D%5B%5D=2&SearchForm%5Bcountry_entity%5D%5B%5D=32&SearchForm%5Bname%5D=&SearchForm%5Bdate_after%5D=&SearchForm%5Bdate_before%5D=&SearchForm%5Bcategory_mode%5D=any&SearchForm%5Bagreement_text%5D=&SearchForm%5Bagreement_stage_sub%5D%5B%5D=Ceasefire%2Frelated&SearchForm%5Bversion%5D=&s=Search+Database&timeline,https://lta.reuters.com/articulo/colombia-guerrilla-idLTAKBN2352CC-OUSLT,https://www.politicalsettlements.org/wp-content/uploads/2015/07/6054446879_e2a27ffd46_z-copy-1.jpg,Creative Commons,
C11-6,2020-06-14,,,Colombia,"North, northeast and southwest Colombia and Venezuela border regions",289,-74.0817,4.6097,Related event,0,National Liberation Army/Ejército de Liberación Nacional (ELN),Non-state,,ELN realeases six hostages in hope of resuming peace talks,"After two prisoners had been released on 12/06/2020, the rebel group National Liberation Army (ELN) freed another six hostages on 14/06/2020 amid pleas for the resumption of peace talks between the group and the Colombian government.",https://www.peaceagreements.org/searchadv?SearchForm%5Bregion%5D%5B%5D=2&SearchForm%5Bcountry_entity%5D%5B%5D=32&SearchForm%5Bname%5D=&SearchForm%5Bdate_after%5D=&SearchForm%5Bdate_before%5D=&SearchForm%5Bcategory_mode%5D=any&SearchForm%5Bagreement_text%5D=&SearchForm%5Bversion%5D=&s=Search+Database&timeline,https://www.peaceagreements.org/searchadv?SearchForm%5Bregion%5D%5B%5D=2&SearchForm%5Bcountry_entity%5D%5B%5D=32&SearchForm%5Bname%5D=&SearchForm%5Bdate_after%5D=&SearchForm%5Bdate_before%5D=&SearchForm%5Bcategory_mode%5D=any&SearchForm%5Bagreement_text%5D=&SearchForm%5Bagreement_stage_sub%5D%5B%5D=Ceasefire%2Frelated&SearchForm%5Bversion%5D=&s=Search+Database&timeline,"https://www.bbc.co.uk/news/world-latin-america-53049890

https://www.thestkittsnevisobserver.com/eln-releases-6-hostages-wants-peace-talks/

https://www.latinousa.org/2020/06/16/colombiaselnreleases/

https://www.icrc.org/es/document/colombia-liberacion-de-seis-personas-en-norte-de-santander",https://www.politicalsettlements.org/wp-content/uploads/2016/12/20160825_142626.jpg,"by Gwen Burnyeat, all rights reserved","School-Children in Pereira draw their hopes for peace, August 2016"
C12-1,2020-03-25,,,Cameroon,North-West and South-West regions of Ambazonia/ Southern Cameroons,14129,11.5167,3.8667,Unilateral ceasefire,0,Southern Cameroons Defence Forces (SOCADEF),Non-state,https://www.politicalsettlements.org/wp-content/uploads/2020/06/Cameroon-SOCADEF-Ceasefire-Text.pdf,Southern Cameroons Defence Forces declare two-week ceasefire,"The Southern Cameroons Defence Forces (SOCADEF), an Ambazonian separatist movement, declared a two-week ceasefire with the Cameroon government on 25/03/2020, announcing that the cessation of violence would ""permit international humanitarian preparation for COVID-19 prevention"". 
 
The Revolutionary High Command Council (REHCOCO) ordered all combat units of SOCADEF and its affiliates operating in nine of the thirteen counties of Ambazonia to stand down but to maintain positions with combat readiness to defend for 14 days. The statement also called on La Republique du Cameroun’s (LRC) forces to stand down or remain in position but not to attack Ambazonians.",https://www.peaceagreements.org/searchadv?SearchForm%5Bregion%5D%5B%5D=1&SearchForm%5Bcountry_entity%5D%5B%5D=24&SearchForm%5Bname%5D=&SearchForm%5Bdate_after%5D=&SearchForm%5Bdate_before%5D=&SearchForm%5Bcategory_mode%5D=any&SearchForm%5Bagreement_text%5D=&SearchForm%5Bversion%5D=&s=Search+Database&timeline,N/A,"https://acleddata.com/2020/05/13/call-unanswered-un-appeal/

https://mimimefoinfos.com/socadef-heeds-to-uns-call-agrees-to-stand-down-for-14-days 
 
 https://www.bbc.co.uk/news/world-africa-52053738 
 
 https://www.bbc.com/news/world-africa-52551848 
 
 https://cameroonvoice.com/news/2020/04/13/cameroon-covid-19-allow-aid-access-amid-pandemic-human-rights-watch-recommendation/",https://www.politicalsettlements.org/wp-content/uploads/2020/06/Cameroon-SOCADEF-Ceasefire-Text.png,,
C12-2,2020-03-29,2020-03-29,2020-04-12,Cameroon,North-West and South-West regions of Ambazonia/ Southern Cameroons,14129,11.5167,3.8667,Unilateral ceasefire,0,Southern Cameroons Defence Forces (SOCADEF),Non-state,https://www.politicalsettlements.org/wp-content/uploads/2020/06/Cameroon-SOCADEF-Ceasefire-Text.pdf,Southern Cameroons Defence Forces ceasefire commences,"The two-week ceasefire of the Southern Cameroons Defence Forces (SOCADEF) with the Cameroon government commences. It was declared on 25/03/2020. SOCADEF is the only separatist group (out of 15 groups) to have stopped fighting because of the pandemic in the North-West and South-West regions. The Ambazonia Governing Council, which is one of the biggest groups, said that a unilateral ceasefire would open the way for government troops to march unopposed into territory under its control. The Cameroonian government did not reciprocate the ceasefire, with clashes between military and separatists continuing throughout April.",https://www.peaceagreements.org/searchadv?SearchForm%5Bregion%5D%5B%5D=1&SearchForm%5Bcountry_entity%5D%5B%5D=24&SearchForm%5Bname%5D=&SearchForm%5Bdate_after%5D=&SearchForm%5Bdate_before%5D=&SearchForm%5Bcategory_mode%5D=any&SearchForm%5Bagreement_text%5D=&SearchForm%5Bversion%5D=&s=Search+Database&timeline,N/A,"https://mimimefoinfos.com/socadef-heeds-to-uns-call-agrees-to-stand-down-for-14-days 
 
 https://www.bbc.co.uk/news/world-africa-52053738 
 
 https://www.bbc.com/news/world-africa-52551848 
 
 https://cameroonvoice.com/news/2020/04/13/cameroon-covid-19-allow-aid-access-amid-pandemic-human-rights-watch-recommendation/",https://www.politicalsettlements.org/wp-content/uploads/2020/06/Cameroon-SOCADEF-Ceasefire-Text.png,,
C12-3,2020-03-27,,,Cameroon,Ambazonia,14129,11.5167,3.8667,Related event,0,Ambazonia Governing Council,Non-state,https://www.politicalsettlements.org/wp-content/uploads/2020/06/Cameroon-Ambazonia-Governing-Council-Declaration.pdf,Ambazonia Governing Council rejects unilateral ceasefire,"On 27/03/2020, a statement from Julius Nyiawung, the Vice President of the Ambazonia Governing Council, a separatist group claiming to be the legitimate government of the area, said there would not be a unilateral ceasefire. The Ambazonia Governing Council brings together several armed groups in the region.",https://www.peaceagreements.org/searchadv?SearchForm%5Bregion%5D%5B%5D=1&SearchForm%5Bcountry_entity%5D%5B%5D=24&SearchForm%5Bname%5D=&SearchForm%5Bdate_after%5D=&SearchForm%5Bdate_before%5D=&SearchForm%5Bcategory_mode%5D=any&SearchForm%5Bagreement_text%5D=&SearchForm%5Bversion%5D=&s=Search+Database&timeline,N/A,"http://www.rfi.fr/en/africa/20200327-mixed-reception-to-call-for-coronavirus-ceasefire-in-cameroon-s-anglophone-regions

https://www.bbc.co.uk/news/world-africa-52551848",https://www.politicalsettlements.org/wp-content/uploads/2020/06/Cameroon-AGC-Declaration.png,,
C12-4,2020-04-10,,2020-04-26,Cameroon,North-West and South-West regions of Ambazonia/ Southern Cameroons,14129,11.5167,3.8667,Update to ceasefire,0,Southern Cameroons Defence Forces (SOCADEF),Non-state,https://www.politicalsettlements.org/wp-content/uploads/2020/06/Cameroon-SOCADEF-Ceasefire-Extension-Text.pdf,Southern Cameroons Defence Forces extend ceasefire,"The Southern Cameroons Defence Forces (SOCADEF) extended an initial two week ceasefire on 10/04/2020 to ""permit additional international humanitarian preparation for COVID-19 preparation"" and demanded that the Government of Cameroon respect the global ceasefire call by the UNSG. The statement made special mention of the plight of internally displaced persons (IDPs) and refugees, stating that 3 million Ambazonians fall under these categories. The statement also acknowledged the ""imperfect"" nature of the ceasefire, noting that SOCADEF has opened lines of communication with LRC field commanders to facilitate the ceasefire. The Commander-In-Chief of SOCADEF, Dr. Ebenzer Akwanga says he expects the extension would also give the International Committee of the Red Cross time to qualify the war in Southern Cameroons (Ambazonia) as a Non International Armed Conflict, NIAC.",https://www.peaceagreements.org/searchadv?SearchForm%5Bregion%5D%5B%5D=1&SearchForm%5Bcountry_entity%5D%5B%5D=24&SearchForm%5Bname%5D=&SearchForm%5Bdate_after%5D=&SearchForm%5Bdate_before%5D=&SearchForm%5Bcategory_mode%5D=any&SearchForm%5Bagreement_text%5D=&SearchForm%5Bversion%5D=&s=Search+Database&timeline,N/A,https://cameroonnewsagency.com/socadef-extends-covid-19-temporary-ceasefire-says-conflict-must-be-qualified/,https://www.politicalsettlements.org/wp-content/uploads/2020/06/Cameroon-SOCADEF-Ceasefire-Extension-Text.png,,
C12-5,2020-04-25,,,Cameroon,Ambazonia,14129,11.5167,3.8667,Update to ceasefire,0,Southern Cameroons Defence Forces (SOCADEF),Non-state,,Southern Cameroons Defence Forces extend ceasefire a second time,"On 25/04/2020, the Southern Cameroons Defence Forces (SOCADEF) announced another extension of its unilateral ceasefire.",https://www.peaceagreements.org/searchadv?SearchForm%5Bregion%5D%5B%5D=1&SearchForm%5Bcountry_entity%5D%5B%5D=24&SearchForm%5Bname%5D=&SearchForm%5Bdate_after%5D=&SearchForm%5Bdate_before%5D=&SearchForm%5Bcategory_mode%5D=any&SearchForm%5Bagreement_text%5D=&SearchForm%5Bversion%5D=&s=Search+Database&timeline,N/A,"https://www.hdcentre.org/activities/covid-19-global-response-initiative/
https://africanarguments.org/2020/05/27/fighting-continues-anglophone-cameroon-covid-19-concerns/",https://www.politicalsettlements.org/wp-content/uploads/2015/06/1.1.c.jpg,,
C12-6,2020-06-22,,,Cameroon,Nationwide,14129,11.5167,3.8667,Related event,0,Global Campaign for Peace and Justice,Non-state,https://www.politicalsettlements.org/wp-content/uploads/2020/06/Cameroon-Global-Campaign-for-Peace-and-Justice-Call-for-Ceasefire.pdf,Nobel Prize laureates call for Cameroon ceasefire,"On 22/06/2020, the Global Campaign for Peace and Justice, ""an informal group of academics, activists, journalists, lawyers, students, and other concerned citizens around the world"", including Nobel Peace Prize laureates and former heads of states, called for a nationwide humanitarian ceasefire in Cameroon. The call addresses the national government and non-state armed groups, as well as the UN and regional organisations, such as the African Union, and implores all waring parties to put people's immediate health ahead of military objectives.",https://www.peaceagreements.org/searchadv?SearchForm%5Bregion%5D%5B%5D=1&SearchForm%5Bcountry_entity%5D%5B%5D=24&SearchForm%5Bname%5D=&SearchForm%5Bdate_after%5D=&SearchForm%5Bdate_before%5D=&SearchForm%5Bcategory_mode%5D=any&SearchForm%5Bagreement_text%5D=&SearchForm%5Bversion%5D=&s=Search+Database&timeline,N/A,"https://www.dw.com/en/nobel-prize-laureates-call-for-cameroon-ceasefire/a-53901189?fbclid=IwAR2Lw3A3JMKV9PUbo4V2P4rmbX69BxaSVmeM-ihUyIy-7zogOYwwRUwCgp8

https://cameroonpeacejustice.ca/cc/

https://www.facebook.com/watch/?v=748763889269315",https://www.politicalsettlements.org/wp-content/uploads/2020/06/Cameroon-Global-Campaign-for-Peace-and-Justice-Call-for-Ceasefire.png,,
C13-1,2020-03-18,,,Philippines,Nationwide,209,121.0000,14.5800,Unilateral ceasefire,0,Republic of the Philippines,State,,President Duterte declares unilateral ceasefire,"President Rodrigo Duterte declared a unilateral ceasefire with the Communist Party of the Philippines (CPP) and its armed wing, the New People's Army (NPA), on 18/03/2020, effective from 19/03/2020 to 15/04/2020. Government forces were ordered to stop offensive operations against armed communist rebels so the state could focus on efforts to counter COVID-19. Presidential Spokesperson Salvador Panelo said the President directed the Department of National Defense (DND) and the Department of the Interior and Local Government (DILG) to issue the Suspension of Offensive Military and Police Operations (Somo) to implement the ceasefire.",https://www.peaceagreements.org/searchadv?SearchForm%5Bregion%5D%5B%5D=3&SearchForm%5Bcountry_entity%5D%5B%5D=113&SearchForm%5Bname%5D=&SearchForm%5Bdate_after%5D=&SearchForm%5Bdate_before%5D=&SearchForm%5Bcategory_mode%5D=any&SearchForm%5Bagreement_text%5D=&SearchForm%5Bversion%5D=&s=Search+Database&timeline,https://www.peaceagreements.org/searchadv?SearchForm%5Bregion%5D%5B%5D=3&SearchForm%5Bcountry_entity%5D%5B%5D=113&SearchForm%5Bname%5D=&SearchForm%5Bdate_after%5D=&SearchForm%5Bdate_before%5D=&SearchForm%5Bcategory_mode%5D=any&SearchForm%5Bagreement_text%5D=&SearchForm%5Bagreement_stage_sub%5D%5B%5D=Ceasefire%2Frelated&SearchForm%5Bversion%5D=&s=Search+Database&timeline,"https://cnnphilippines.com/news/2020/3/18/duterte-cpp-npa-ceasefire-covid-19.html
 
 https://news.abs-cbn.com/news/03/18/20/philippines-declares-ceasefire-with-communist-rebels-amid-luzon-lockdown
 
 https://www.sunstar.com.ph/article/1849031",https://www.politicalsettlements.org/wp-content/uploads/2020/06/23683983725_d022fd1412_b.jpg,"by philwarren, licensed under CC BY 2.0",
C13-2,2020-03-19,2020-03-19,2020-04-15,Philippines,Nationwide,209,121.0000,14.5800,Unilateral ceasefire,0,Republic of the Philippines,State,,Government ceasefire commences,"A unilateral ceasefire of the Philippines Government with the Communist Party of the Philippines (CPP) and its armed wing, the New People's Army (NPA) commences. It was declared on 18/03/2020, and is effective from 19/03/2020 to 15/04/2020. Both the police and the military welcomed the ceasefire, saying this would allow them to focus on responding to the threat of COVID-19 whilst remaining on defense.",https://www.peaceagreements.org/searchadv?SearchForm%5Bregion%5D%5B%5D=3&SearchForm%5Bcountry_entity%5D%5B%5D=113&SearchForm%5Bname%5D=&SearchForm%5Bdate_after%5D=&SearchForm%5Bdate_before%5D=&SearchForm%5Bcategory_mode%5D=any&SearchForm%5Bagreement_text%5D=&SearchForm%5Bversion%5D=&s=Search+Database&timeline,https://www.peaceagreements.org/searchadv?SearchForm%5Bregion%5D%5B%5D=3&SearchForm%5Bcountry_entity%5D%5B%5D=113&SearchForm%5Bname%5D=&SearchForm%5Bdate_after%5D=&SearchForm%5Bdate_before%5D=&SearchForm%5Bcategory_mode%5D=any&SearchForm%5Bagreement_text%5D=&SearchForm%5Bagreement_stage_sub%5D%5B%5D=Ceasefire%2Frelated&SearchForm%5Bversion%5D=&s=Search+Database&timeline,"https://cnnphilippines.com/news/2020/3/18/duterte-cpp-npa-ceasefire-covid-19.html
 
 https://news.abs-cbn.com/news/03/18/20/philippines-declares-ceasefire-with-communist-rebels-amid-luzon-lockdown
 
 https://www.sunstar.com.ph/article/1849031",https://www.politicalsettlements.org/wp-content/uploads/2020/06/640px-67Philippine_Independence_Day_Rizal_Park_46.jpg,by Judgefloro is licensed under CC0 1.0,
C13-3,2020-04-18,,,Philippines,Nationwide,209,121.0000,14.5800,Update to ceasefire,0,Republic of the Philippines,State,,Government announces ceasefire not to be extended,"On 18/04/2020, Government security forces announced the ceasefire would not be extended. Central Command chief Lt. Gen. Roberto Ancan said military operations against communist rebels in the Visayas had resumed on 16/04/2020. The Communist Party of the Philippines' armed wing, the New People's Army (CPP-NPA), accused the government of committing atrocities by launching 13 attacks between 16/03/2020 and 15/04/2020.",https://www.peaceagreements.org/searchadv?SearchForm%5Bregion%5D%5B%5D=3&SearchForm%5Bcountry_entity%5D%5B%5D=113&SearchForm%5Bname%5D=&SearchForm%5Bdate_after%5D=&SearchForm%5Bdate_before%5D=&SearchForm%5Bcategory_mode%5D=any&SearchForm%5Bagreement_text%5D=&SearchForm%5Bversion%5D=&s=Search+Database&timeline,https://www.peaceagreements.org/searchadv?SearchForm%5Bregion%5D%5B%5D=3&SearchForm%5Bcountry_entity%5D%5B%5D=113&SearchForm%5Bname%5D=&SearchForm%5Bdate_after%5D=&SearchForm%5Bdate_before%5D=&SearchForm%5Bcategory_mode%5D=any&SearchForm%5Bagreement_text%5D=&SearchForm%5Bagreement_stage_sub%5D%5B%5D=Ceasefire%2Frelated&SearchForm%5Bversion%5D=&s=Search+Database&timeline,"https://www.philstar.com/nation/2020/04/19/2008219/afp-no-extension-ceasefire-reds
 
 https://www.philstar.com/headlines/2020/04/21/2008659/no-decision-yet-ceasefire-reds
 
 https://www.crisisgroup.org/crisiswatch",https://www.politicalsettlements.org/wp-content/uploads/2020/07/Philippine_Marines_with_28th_Company_8th_Marine_Battalion_Landing_Team.jpg,,Philippines Marine Battalion
C13-4,2020-03-24,,,Philippines,Nationwide,209,121.0000,14.5800,Unilateral ceasefire,0,New People’s Army (NPA)/ Bagong Hukbong Bayan (BHB),Non-state,https://www.politicalsettlements.org/wp-content/uploads/2020/06/Philippines-CPP-Ceasefire-Text.pdf,Communist Party of the Philippines orders its armed wing to observe ceasefire,"The Communist Party of the Philippines (CPP) ordered all commands and units of its armed wing, the New People’s Army (NPA), and the people’s militias to observe a nationwide ceasefire on 24/032020, aimed at both buying time for its forces and fighting COVID-19. However, the Armed Forces of the Philippines said it recorded NPA attacks against soldiers tapped to help in the government’s fight against COVID-19 even though the rebels extended the ceasefire.",https://www.peaceagreements.org/searchadv?SearchForm%5Bregion%5D%5B%5D=3&SearchForm%5Bcountry_entity%5D%5B%5D=113&SearchForm%5Bname%5D=&SearchForm%5Bdate_after%5D=&SearchForm%5Bdate_before%5D=&SearchForm%5Bcategory_mode%5D=any&SearchForm%5Bagreement_text%5D=&SearchForm%5Bversion%5D=&s=Search+Database&timeline,https://www.peaceagreements.org/searchadv?SearchForm%5Bregion%5D%5B%5D=3&SearchForm%5Bcountry_entity%5D%5B%5D=113&SearchForm%5Bname%5D=&SearchForm%5Bdate_after%5D=&SearchForm%5Bdate_before%5D=&SearchForm%5Bcategory_mode%5D=any&SearchForm%5Bagreement_text%5D=&SearchForm%5Bagreement_stage_sub%5D%5B%5D=Ceasefire%2Frelated&SearchForm%5Bversion%5D=&s=Search+Database&timeline,"https://cpp.ph/statement/ceasefire-order-00-00h-of-26-march-2020-to-23-59h-of-15-april-2020/
 
 https://www.philstar.com/nation/2020/04/19/2008219/afp-no-extension-ceasefire-reds",https://www.politicalsettlements.org/wp-content/uploads/2020/06/Philippines-CPP-Ceasefire-Text.png,,
C13-5,2020-03-26,2020-03-26,2020-04-15,Philippines,Nationwide,209,121.0000,14.5800,Unilateral ceasefire,0,New People’s Army (NPA)/ Bagong Hukbong Bayan (BHB),Non-state,https://www.politicalsettlements.org/wp-content/uploads/2020/06/Philippines-CPP-Ceasefire-Text.pdf,Communist Party of the Philippines ceasefire commences,"A ceasefire by the Communist Party of the Philippines (CPP) and its armed wing, the New People’s Army (NPA), and the people’s militias, commences. It was declared on 24/03/2020 and is set to be nationwide.The NPA's negotiating body, the National Democratic Front of the Philippines noted that its cessation of hostilities could be seen as a gesture of goodwill that could facilitate the resumption of peace negotiations.",https://www.peaceagreements.org/searchadv?SearchForm%5Bregion%5D%5B%5D=3&SearchForm%5Bcountry_entity%5D%5B%5D=113&SearchForm%5Bname%5D=&SearchForm%5Bdate_after%5D=&SearchForm%5Bdate_before%5D=&SearchForm%5Bcategory_mode%5D=any&SearchForm%5Bagreement_text%5D=&SearchForm%5Bversion%5D=&s=Search+Database&timeline,https://www.peaceagreements.org/searchadv?SearchForm%5Bregion%5D%5B%5D=3&SearchForm%5Bcountry_entity%5D%5B%5D=113&SearchForm%5Bname%5D=&SearchForm%5Bdate_after%5D=&SearchForm%5Bdate_before%5D=&SearchForm%5Bcategory_mode%5D=any&SearchForm%5Bagreement_text%5D=&SearchForm%5Bagreement_stage_sub%5D%5B%5D=Ceasefire%2Frelated&SearchForm%5Bversion%5D=&s=Search+Database&timeline,"https://cpp.ph/statement/ceasefire-order-00-00h-of-26-march-2020-to-23-59h-of-15-april-2020/
 
 https://www.philstar.com/nation/2020/04/19/2008219/afp-no-extension-ceasefire-reds",https://www.politicalsettlements.org/wp-content/uploads/2020/06/Philippines-CPP-Ceasefire-Text.png,,
C13-6,2020-03-30,,,Philippines,Nationwide,209,121.0000,14.5800,Update to ceasefire,0,New People’s Army (NPA)/ Bagong Hukbong Bayan (BHB),Non-state,,Communist Party of the Philippines releases statement to uphold ceasefire,"On 30/03/2020, the New People’s Army (NPA), the armed wing of the opposition forces of the Communist Party of the Philippines (CPP), released a supplementary statement to uphold the COVID-19 ceasefire of 24/03/2020.",https://www.peaceagreements.org/searchadv?SearchForm%5Bregion%5D%5B%5D=3&SearchForm%5Bcountry_entity%5D%5B%5D=113&SearchForm%5Bname%5D=&SearchForm%5Bdate_after%5D=&SearchForm%5Bdate_before%5D=&SearchForm%5Bcategory_mode%5D=any&SearchForm%5Bagreement_text%5D=&SearchForm%5Bversion%5D=&s=Search+Database&timeline,https://www.peaceagreements.org/searchadv?SearchForm%5Bregion%5D%5B%5D=3&SearchForm%5Bcountry_entity%5D%5B%5D=113&SearchForm%5Bname%5D=&SearchForm%5Bdate_after%5D=&SearchForm%5Bdate_before%5D=&SearchForm%5Bcategory_mode%5D=any&SearchForm%5Bagreement_text%5D=&SearchForm%5Bagreement_stage_sub%5D%5B%5D=Ceasefire%2Frelated&SearchForm%5Bversion%5D=&s=Search+Database&timeline,https://ndfp.org/cpp-npa-ceasefire-stands-amid-covid-19-response/,https://www.politicalsettlements.org/wp-content/uploads/2015/06/1.1.a2.jpg,,
C13-7,2020-04-16,,2020-04-30,Philippines,Nationwide,209,121.0000,14.5800,Update to ceasefire,0,New People’s Army (NPA)/ Bagong Hukbong Bayan (BHB),Non-state,,Communist Party of the Philippines extends ceasefire for two more weeks,"The Communist Party of the Philippines (CPP) extended the ceasefire until 30/04/2020 after President Duterte had prolonged the Luzon-wide quarantine to allow health authorities to conduct more coronavirus tests, “to ensure quick and unimpeded support to all people requiring urgent medical, health and socioeconomic assistance in the face of the public emergency over the COVID-19 pandemic.” It also reiterated the call for the “urgent release” of all political prisoners and for declaring a general amnesty and expressed desire for the resumption of the peace negotiations between the Government of the Republic of the Philippines (GRP) and the National Democratic Front of the Philippines (NDFP), which is the negotiating coalition of the CPP.

The Government cited a failure of the CPP and its armed wing, the New People's Army (NPA), to act in good faith as the main reason the ceasefire extension was not reciprocated.",https://www.peaceagreements.org/searchadv?SearchForm%5Bregion%5D%5B%5D=3&SearchForm%5Bcountry_entity%5D%5B%5D=113&SearchForm%5Bname%5D=&SearchForm%5Bdate_after%5D=&SearchForm%5Bdate_before%5D=&SearchForm%5Bcategory_mode%5D=any&SearchForm%5Bagreement_text%5D=&SearchForm%5Bversion%5D=&s=Search+Database&timeline,https://www.peaceagreements.org/searchadv?SearchForm%5Bregion%5D%5B%5D=3&SearchForm%5Bcountry_entity%5D%5B%5D=113&SearchForm%5Bname%5D=&SearchForm%5Bdate_after%5D=&SearchForm%5Bdate_before%5D=&SearchForm%5Bcategory_mode%5D=any&SearchForm%5Bagreement_text%5D=&SearchForm%5Bagreement_stage_sub%5D%5B%5D=Ceasefire%2Frelated&SearchForm%5Bversion%5D=&s=Search+Database&timeline,"https://cpp.ph/statement/cpp-leadership-orders-extension-of-ceasefire/
 
 https://www.philstar.com/nation/2020/04/19/2008219/afp-no-extension-ceasefire-reds",https://www.politicalsettlements.org/wp-content/uploads/2015/06/4.1.b.jpg,,
C13-8,2020-04-30,,,Philippines,Nationwide,209,121.0000,14.5800,Update to ceasefire,0,New People’s Army (NPA)/ Bagong Hukbong Bayan (BHB),Non-state,,New People's Army resumes military operations,"The New People’s Army (NPA) resumed operations after 26 days of ceasefire on 01/05/2020, stating that ""the refusal of the Duterte regime to relent in its attacks against the NPA, despite calls for a “global ceasefire” has made the further extension of the NPA ceasefire impossible.""",https://www.peaceagreements.org/searchadv?SearchForm%5Bregion%5D%5B%5D=3&SearchForm%5Bcountry_entity%5D%5B%5D=113&SearchForm%5Bname%5D=&SearchForm%5Bdate_after%5D=&SearchForm%5Bdate_before%5D=&SearchForm%5Bcategory_mode%5D=any&SearchForm%5Bagreement_text%5D=&SearchForm%5Bversion%5D=&s=Search+Database&timeline,https://www.peaceagreements.org/searchadv?SearchForm%5Bregion%5D%5B%5D=3&SearchForm%5Bcountry_entity%5D%5B%5D=113&SearchForm%5Bname%5D=&SearchForm%5Bdate_after%5D=&SearchForm%5Bdate_before%5D=&SearchForm%5Bcategory_mode%5D=any&SearchForm%5Bagreement_text%5D=&SearchForm%5Bagreement_stage_sub%5D%5B%5D=Ceasefire%2Frelated&SearchForm%5Bversion%5D=&s=Search+Database&timeline,https://cpp.ph/statement/npa-ceasefire-to-end-midnight-tonight/,https://www.politicalsettlements.org/wp-content/uploads/2015/06/1.1.b.jpg,,
C14-1,2020-03-25,2020-03-26,,Nigeria,Benue State,N/A,8.6775,9.0778,Multiparty ceasefire,0,"Chairs of Agatu, Etulo, Fulani, Hausa, Idoma, Igbo, Igede, Jukun, Tiv and Yoruba ethnic groups",Non-state,https://www.politicalsettlements.org/wp-content/uploads/2020/06/Nigeria-Joint-Statement.pdf,Inter-communal ceasefire in Benue State,"An agreement to peaceful co-existence during and beyond the pandemic was signed by community leaders, youth groups and women leaders of 10 farmer-herder communities at a dialogue led by the organisation Humanitarian Dialogue (HD) to resolve the intercommunal farmer-herder conflict in Benue state in Nigeria. The Agreement aimed to allow for collective action against the pandemic and a resolution of the conflict and built on longer-term pre-COVID-19 negotiations.",https://www.peaceagreements.org/searchadv?SearchForm%5Bcountry_entity%5D%5B%5D=102&SearchForm%5Bname%5D=&SearchForm%5Bdate_after%5D=&SearchForm%5Bdate_before%5D=&SearchForm%5Bcategory_mode%5D=any&SearchForm%5Bagreement_text%5D=&SearchForm%5Bversion%5D=&s=Search+Database&timeline,N/A,"https://twitter.com/hdcentre/status/1244622385246019584
 
 https://reliefweb.int/sites/reliefweb.int/files/resources/FI04_Coronavirus_IN.pdf

https://www.hdcentre.org/activities/covid-19-global-response-initiative/",https://www.politicalsettlements.org/wp-content/uploads/2020/06/Nigeria-Joint-Statement.png,,
C15-1,2020-03-31,2020-04-01,2020-06-30,Sudan,Blue Nile and South Kordofan,309,32.5324,15.5518,Unilateral ceasefire,Yes,Sudan People’s Liberation Movement-North (SPLM-N El Hilu faction)/ Harakat Al-Sha'abi Li-Tahrir Al-Sudan-Al-Shamal,Non-state,,Sudan People’s Liberation Movement-North extends pre-COVID-19 ceasefire,"On 31/03/2020, the Sudan People’s Liberation Movement-North faction led by Abdelaziz El Hilu (SPLM-N El Hilu) announced the extension of a pre-COVID-19 ceasefire (due to end on 31/03/2020) starting from 01/04/2020 until 30/05/2020. The movement said that the decision to extend the cessation of hostilities unilaterally in all areas under its control comes as a goodwill gesture and to give the ongoing peace talks in Juba an opportunity to succeed. The Sudanese government welcomed the extension and termed the unilateral truce as a ""significant step"" that demonstrated political will and a strong desire to achieve a and sustainable peace. Sovereign Council member and spokesman for the government’s negotiating delegation in Juba, Mohamed El Taayshi welcomed El Hilu’s statement and reiterated the government’s firm commitment to a comprehensive ceasefire in all regions of the Sudan that began on 16/10/2019. El Taayshi considered the extension of the cessation of hostilities an important step that demonstrates political will and a strong desire to achieve the comprehensive and sustainable peace that the Sudanese people deserve.",https://www.peaceagreements.org/searchadv?SearchForm%5Bcountry_entity%5D%5B%5D=130&SearchForm%5Bname%5D=&SearchForm%5Bdate_after%5D=&SearchForm%5Bdate_before%5D=&SearchForm%5Bcategory_mode%5D=any&SearchForm%5Bagreement_text%5D=&SearchForm%5Bversion%5D=&s=Search+Database&timeline,https://www.peaceagreements.org/searchadv?SearchForm%5Bcountry_entity%5D%5B%5D=130&SearchForm%5Bname%5D=&SearchForm%5Bdate_after%5D=&SearchForm%5Bdate_before%5D=&SearchForm%5Bcategory_mode%5D=any&SearchForm%5Bagreement_text%5D=&SearchForm%5Bagreement_stage_sub%5D%5B%5D=Ceasefire%2Frelated&SearchForm%5Bversion%5D=&s=Search+Database&timeline,"https://www.dabangasudan.org/en/all-news/article/coronavirus-holdout-darfur-rebels-extend-ceasefire; 
 
 https://sudantribune.com/spip.php?article69166
 
https://www.dabangasudan.org/en/all-news/article/sudan-s-two-areas-rebel-cease-fire-extended-till-march",,,
C15-2,2020-03-30,,,Sudan,Darfur,309,32.5324,15.5518,Related event,0,Sudan Liberation Movement/Army of Abdel Wahid al-Nur (SLM/A-AW),Non-state,https://www.politicalsettlements.org/wp-content/uploads/2020/06/Sudan-SLMN-Ceasefire-Text.pdf,Sudan Liberation Movement extends de-facto ceasefire,"On 31/03/2020, the Sudan Liberation Movement/Army of Abdel Wahid al-Nur (SLM/A-AW) accepted the UN’s calls for a ceasefire in Darfur but reiterated its rejection to join the peace process in Juba. The SLM stated it would continue to exercise a de facto ceasefire and not engage in offensive operations bar self-defence. Furthermore, leader Abdel Wahid al-Nur criticized the Hamdok government saying that it had no authority on the ground and that the power ""remains in the hands of the leadership of the Sudanese Armed Forces"" and the ""Janjaweed genocidaire militias"", rejecting the peace process and describing it as ""a cosmetic exercise"" to ""legitimize a transitional government that lacks genuine sovereignty"".",https://www.peaceagreements.org/searchadv?SearchForm%5Bcountry_entity%5D%5B%5D=130&SearchForm%5Bname%5D=&SearchForm%5Bdate_after%5D=&SearchForm%5Bdate_before%5D=&SearchForm%5Bcategory_mode%5D=any&SearchForm%5Bagreement_text%5D=&SearchForm%5Bversion%5D=&s=Search+Database&timeline,https://www.peaceagreements.org/searchadv?SearchForm%5Bcountry_entity%5D%5B%5D=130&SearchForm%5Bname%5D=&SearchForm%5Bdate_after%5D=&SearchForm%5Bdate_before%5D=&SearchForm%5Bcategory_mode%5D=any&SearchForm%5Bagreement_text%5D=&SearchForm%5Bagreement_stage_sub%5D%5B%5D=Ceasefire%2Frelated&SearchForm%5Bversion%5D=&s=Search+Database&timeline,"https://sudantribune.com/spip.php?article69163
 
 https://reliefweb.int/sites/reliefweb.int/files/resources/FI04_Coronavirus_IN.pdf",https://www.politicalsettlements.org/wp-content/uploads/2020/06/Sudan-SLMN-Ceasefire-Text.png,,
C16-1,2020-04-09,,,South Sudan,South Sudan,11345,31.5825,4.8517,Unilateral ceasefire,0,South Sudan Opposition Movements Alliance (SSOMA),Non-state,https://www.politicalsettlements.org/wp-content/uploads/2020/06/South-Sudan-SSOMA-Ceasefire-Text.pdf,South Sudan Opposition Movements Alliance re-commits to existing ceasefire,"On 09/04/2020, the South Sudan Opposition Movements Alliance (SSOMA) renewed their commitment to the Cessation of Hostilities Agreement it signed in Rome on 12/01/2020 with the Government of South Sudan, reiterating its concern for the general safety of the South Sudanese people in the midst of COVID-19. SSOMA also committed to facilitate humanitarian access to South Sudan’s populations. The statement was made by the Leadership Council of SSOMA, comprising the leaders of 6 armed movements and political parties, namely the National Salvation Front (NAS), the South Sudan United Front (SSUF), the South Sudan National Movement for Change (SSNMC), the Real Sudan People’s Liberation Movement (R-SPLM), the National Democratic Movement Patriotic Front (NDM/PF) and the United Democratic Revolutionary Alliance (UDRA).",https://www.peaceagreements.org/searchadv?SearchForm%5Bcountry_entity%5D%5B%5D=127&SearchForm%5Bname%5D=&SearchForm%5Bdate_after%5D=&SearchForm%5Bdate_before%5D=&SearchForm%5Bcategory_mode%5D=any&SearchForm%5Bagreement_text%5D=&SearchForm%5Bversion%5D=&s=Search+Database&timeline,https://www.peaceagreements.org/searchadv?SearchForm%5Bcountry_entity%5D%5B%5D=127&SearchForm%5Bname%5D=&SearchForm%5Bdate_after%5D=&SearchForm%5Bdate_before%5D=&SearchForm%5Bcategory_mode%5D=any&SearchForm%5Bagreement_text%5D=&SearchForm%5Bagreement_stage_sub%5D%5B%5D=Ceasefire%2Frelated&SearchForm%5Bversion%5D=&s=Search+Database&timeline,"https://www.hdcentre.org/updates/south-sudan-opposition-movements-commit-to-cease-all-hostilities-amidst-covid-19-pandemic/
 
 https://www.nassouthsudan.com/blog/2020/04/11/ssoma-responds-to-uns-covid-19-ceasefire-request/

https://www.nassouthsudan.com/download/20200409-ssomas-response-to-the-of-un-sg-on-covid-19-ceasefire-request/",https://www.politicalsettlements.org/wp-content/uploads/2020/06/South-Sudan-SSOMA-Ceasefire-Text.png,,
C17-1,2020-04-03,2020-04-03,2020-04-30,Thailand,"Patani, Southern Thailand",423,100.5014,13.7540,Unilateral ceasefire,0,National Revolutionary Front/Barisan Revolusi Nasional Melayu Patan (BRN),Non-state,https://www.politicalsettlements.org/wp-content/uploads/2020/06/Thailand-BRN-Ceasefire-Text.pdf,National Revolutionary Front declares ceasefire,"The National Revolutionary Front (BRN), the largest seperatist movement in Thailand's Deep South, declared a unilateral, open-ended ceasefire with the Thai Government on 03/04/2020 that would remain in force only for as long as the BRN was not attacked by government forces. It stated the ceasefire was intended to create a more stable environment for health workers. The ceasefire announcement was unprecedented in the history of the separatist insurgency. The Thai government did not reciprocate the ceasefire and continued its security operations. Maj. Gen. Pramote Prom-in, the Thai army’s regional spokesman dismissed the declaration as irrelevant to military efforts to curb violent activities in the southern border region. The Thai military said it would continue to “enforce laws on those who perpetrate against both officials and innocents ”and did not rule out anti-rebel operations.",https://www.peaceagreements.org/searchadv?SearchForm%5Bcountry_entity%5D%5B%5D=134&SearchForm%5Bname%5D=&SearchForm%5Bdate_after%5D=&SearchForm%5Bdate_before%5D=&SearchForm%5Bcategory_mode%5D=any&SearchForm%5Bagreement_text%5D=&SearchForm%5Bversion%5D=&s=Search+Database&timeline,N/A,"https://www.benarnews.org/english/commentaries/far-south-view/brownie-points-04072020145240.html
  
https://asiatimes.com/2020/04/covid-19-gives-peace-a-chance-in-south-thailand/",https://www.politicalsettlements.org/wp-content/uploads/2020/06/Thailand-BRN-Ceasefire-Text.png,,
C17-2,2020-04-30,,,Thailand,"Patani, Southern Thailand",423,100.5014,13.7540,Update to ceasefire,0,National Revolutionary Front/Barisan Revolusi Nasional Melayu Patan (BRN),Non-state,,National Revolutionary Front resumes military operations,"The National Revolutionary Front (BRN) announced a resumption of its operations After Thai security forces killed three BRN rebels on 30/04/2020 during a raid in in Nong Chik, Pattani. On 01/05/2020, the BRN released a written statement condemning the government's actions, whilst also publicly renewing its call for security forces to join its unilateral ceasefire. However, BRN fighters on the ground retaliated on 03/05/2020, shooting dead one paramilitary ranger and injuring another in Pattani province.",https://www.peaceagreements.org/searchadv?SearchForm%5Bcountry_entity%5D%5B%5D=134&SearchForm%5Bname%5D=&SearchForm%5Bdate_after%5D=&SearchForm%5Bdate_before%5D=&SearchForm%5Bcategory_mode%5D=any&SearchForm%5Bagreement_text%5D=&SearchForm%5Bversion%5D=&s=Search+Database&timeline,N/A,"https://www.lowyinstitute.org/the-interpreter/thailand-killings-insurgents-ends-southern-separatist-ceasefire
  
https://www.benarnews.org/english/news/thai/new-attacks-05042020183411.html
 
https://www.crisisgroup.org/crisiswatch",,,
C18-1,2020-04-08,2020-04-08,2020-04-23,Yemen,Nationwide,230,44.2067,15.3547,Unilateral ceasefire,0,Internationally Recognized Government of Yemen,State,https://www.politicalsettlements.org/wp-content/uploads/2020/06/Yemen-Joint-Forces-Command-Ceasefire-Text.pdf,Internationally Recognized Government of Yemen declares ceasefires,"On 8 April 2020, the Saudi-backed, internationally recognized Government of Yemen declared a unilateral ceasefire and stated that it wanted to support UN efforts for a political solution and help stop coronavirus spread. Saudi Arabia's state-run news agency SPA reported that the ceasefire was intended to help prevent a coronavirus outbreak in Yemen, while also allowing for a de-escalation in the fighting. Furthermore, it was aimed at giving the Houthis an opportunity to join UN-sponsored talks on a settlement to the conflict thousands of people. However, shortly afterwards it was reported that parties continued fighting despite the unilateral ceasefire, including Saudi airstrikes and Houthi-led advances and expansions in the North, which threatened one of the last government aligned strong holds, Marib.",https://www.peaceagreements.org/searchadv?SearchForm%5Bcountry_entity%5D%5B%5D=148&SearchForm%5Bname%5D=&SearchForm%5Bdate_after%5D=&SearchForm%5Bdate_before%5D=&SearchForm%5Bcategory_mode%5D=any&SearchForm%5Bagreement_text%5D=&SearchForm%5Bversion%5D=&s=Search+Database&timeline,https://www.peaceagreements.org/searchadv?SearchForm%5Bcountry_entity%5D%5B%5D=148&SearchForm%5Bname%5D=&SearchForm%5Bdate_after%5D=&SearchForm%5Bdate_before%5D=&SearchForm%5Bcategory_mode%5D=any&SearchForm%5Bagreement_text%5D=&SearchForm%5Bagreement_stage_sub%5D%5B%5D=Ceasefire%2Frelated&SearchForm%5Bversion%5D=&s=Search+Database&timeline,"https://www.spa.gov.sa/viewfullstory.php?lang=en&newsid=2071816#2071816
 
 https://www.aljazeera.com/news/2020/05/orders-staff-cease-work-yemen-houthi-held-areas-200510173512730.html
 
 https://www.aljazeera.com/news/2020/04/saudi-uae-coalition-declares-2-week-unilateral-ceasefire-yemen-200408185013981.html",https://www.politicalsettlements.org/wp-content/uploads/2020/06/Yemen-The-Coalition-Ceasefire-Text.png,,
C18-2,2020-04-24,2020-04-24,2020-05-21,Yemen,Nationwide,230,44.2067,15.3547,Update to ceasefire,0,Internationally Recognized Government of Yemen,State,,Internationally Recognized Government of Yemen extends ceasefire,"On 24 April 2020, the Saudi-backed, internationally recognized Government of Yemen announced a one-month extension of the ceasefire, reiterating that ""the chance is still there for concerted efforts to reach a comprehensive and permanent ceasefire in Yemen"". However, fighting between pro-government forces and Houthis had intensified in Northern Yemen despite the ceasefire and its extension, and there was fear that violence would escalate unless a nationwide ceasefire was agreed.",https://www.peaceagreements.org/searchadv?SearchForm%5Bcountry_entity%5D%5B%5D=148&SearchForm%5Bname%5D=&SearchForm%5Bdate_after%5D=&SearchForm%5Bdate_before%5D=&SearchForm%5Bcategory_mode%5D=any&SearchForm%5Bagreement_text%5D=&SearchForm%5Bversion%5D=&s=Search+Database&timeline,https://www.peaceagreements.org/searchadv?SearchForm%5Bcountry_entity%5D%5B%5D=148&SearchForm%5Bname%5D=&SearchForm%5Bdate_after%5D=&SearchForm%5Bdate_before%5D=&SearchForm%5Bcategory_mode%5D=any&SearchForm%5Bagreement_text%5D=&SearchForm%5Bagreement_stage_sub%5D%5B%5D=Ceasefire%2Frelated&SearchForm%5Bversion%5D=&s=Search+Database&timeline,"https://www.globalsecurity.org/military/library/news/2020/04/mil-200424-spa01.htm

https://reliefweb.int/report/yemen/coalition-restore-legitimacy-yemen-announces-one-month-extension-comprehensive

https://www.crisisgroup.org/crisiswatch",https://www.politicalsettlements.org/wp-content/uploads/2020/06/Yemen-destroyed-car.jpg,"by Ibrahem Qasim, licensed under CC BY-SA 4.0",
C18-3,2020-06-22,,,Yemen,Abyan province,230,44.2067,15.3547,Bilateral ceasefire,Yes,"Southern Transitional Council (STC), Internationally Recognized Government of Yemen","State,Non-state",,Bilateral ceasefire between STC and Yemeni Government agreed,"The Southern Transitional Council (STC) and the internationally recognized government of Yemen, agreed on a bilatreal ceasefire on 22/06/2020. The ceasefire applies to the Abyan province, which is a hotspot for fighting that the STC has partial control over, and also includes an agreement on the de-escalation in other regions and the resumption of peace talks between the two parties. The ceasefire aims to provide a basis for the implementation of the 2019 Riyadh peace agreement. In April, the STC had unilaterally declared self-rule in the southern region of Yemen, which had intensified existing tensions.",https://www.peaceagreements.org/searchadv?SearchForm%5Bcountry_entity%5D%5B%5D=148&SearchForm%5Bname%5D=&SearchForm%5Bdate_after%5D=&SearchForm%5Bdate_before%5D=&SearchForm%5Bcategory_mode%5D=any&SearchForm%5Bagreement_text%5D=&SearchForm%5Bversion%5D=&s=Search+Database&timeline,https://www.peaceagreements.org/searchadv?SearchForm%5Bcountry_entity%5D%5B%5D=148&SearchForm%5Bname%5D=&SearchForm%5Bdate_after%5D=&SearchForm%5Bdate_before%5D=&SearchForm%5Bcategory_mode%5D=any&SearchForm%5Bagreement_text%5D=&SearchForm%5Bagreement_stage_sub%5D%5B%5D=Ceasefire%2Frelated&SearchForm%5Bversion%5D=&s=Search+Database&timeline,"https://www.aljazeera.com/news/2020/06/yemen-gov-southern-separatists-agree-ceasefire-arabia-200622152037838.html

https://gulfnews.com/world/gulf/yemen/yemens-government-southern-council-agree-on-ceasefire-to-start-talks---saudi-ambassador-to-yemen-1.1592841538433",https://www.politicalsettlements.org/wp-content/uploads/2019/11/YemenKateNevCCBY-NC2-e1582544532908.jpg,Image by kate nev is licensed under CC BY-NC 2.0,
C18-4,2020-06-24,,,Yemen,Abyan province,230,44.2067,15.3547,Update to ceasefire,0,Internationally Recognized Government of Yemen,State,,Yemeni Government deploys ceasefire observer troops,"On 24/06/2020, the Saudi-backed, internationally recognized Government of Yemen announced that it had deployed troops to observe and monitor the bilateral ceasefire from 22/06/2020 between the Yemeni government and the Southern Transtional Council (STC).",https://www.peaceagreements.org/searchadv?SearchForm%5Bcountry_entity%5D%5B%5D=148&SearchForm%5Bname%5D=&SearchForm%5Bdate_after%5D=&SearchForm%5Bdate_before%5D=&SearchForm%5Bcategory_mode%5D=any&SearchForm%5Bagreement_text%5D=&SearchForm%5Bversion%5D=&s=Search+Database&timeline,https://www.peaceagreements.org/searchadv?SearchForm%5Bcountry_entity%5D%5B%5D=148&SearchForm%5Bname%5D=&SearchForm%5Bdate_after%5D=&SearchForm%5Bdate_before%5D=&SearchForm%5Bcategory_mode%5D=any&SearchForm%5Bagreement_text%5D=&SearchForm%5Bagreement_stage_sub%5D%5B%5D=Ceasefire%2Frelated&SearchForm%5Bversion%5D=&s=Search+Database&timeline,https://www.thenational.ae/world/mena/coalition-to-deploy-ceasefire-observers-to-southern-yemen-1.1038932,https://www.politicalsettlements.org/wp-content/uploads/2020/06/Yemen-map-1-6-20.png,"by TheMapLurker, licensed under CC BY-SA 4.0 ","Yemen Warmap: Government (red), STC (yellow), Revolutionary Committee (green)"
C18-5,2020-06-25,,,Yemen,Abyan province,230,44.2067,15.3547,Update to ceasefire,0,"Southern Transitional Council (STC), Internationally Recognized Government of Yemen","State,Non-state",,Fighting in Southern Yemen continues despite ceasefire,"Despite a bilateral ceasefire between the internationally recognized Government of Yemen and the Southern Transtional Council (STC) that was declared on 22/06/2020, fighting between the two parties continued. Reportedly, on 25/06/2020 at least 54 people died as a result of these violent clashes.",https://www.peaceagreements.org/searchadv?SearchForm%5Bcountry_entity%5D%5B%5D=148&SearchForm%5Bname%5D=&SearchForm%5Bdate_after%5D=&SearchForm%5Bdate_before%5D=&SearchForm%5Bcategory_mode%5D=any&SearchForm%5Bagreement_text%5D=&SearchForm%5Bversion%5D=&s=Search+Database&timeline,https://www.peaceagreements.org/searchadv?SearchForm%5Bcountry_entity%5D%5B%5D=148&SearchForm%5Bname%5D=&SearchForm%5Bdate_after%5D=&SearchForm%5Bdate_before%5D=&SearchForm%5Bcategory_mode%5D=any&SearchForm%5Bagreement_text%5D=&SearchForm%5Bagreement_stage_sub%5D%5B%5D=Ceasefire%2Frelated&SearchForm%5Bversion%5D=&s=Search+Database&timeline,"https://www.aljazeera.com/news/2020/06/yemen-president-urges-separatists-stop-bloodshed-200628074457073.html

https://www.thisismoney.co.uk/wires/ap/article-8461773/Clashes-Yemens-govt-separatists-mar-ceasefire.html

",https://www.politicalsettlements.org/wp-content/uploads/2020/06/Yemen-air-strikes.jpg,"by Ibrahem Qasim, licensed under CC BY-SA 4.0",
C19-1,2020-04-16,2020-04-16,,Senegal,Casamance region,375,-17.4441,14.6937,Related event,0,Movement of Democratic Forces in the Casamance,Non-state,https://www.politicalsettlements.org/wp-content/uploads/2020/06/Senegal-MFDC-Declaration.pdf,Movement of Democratic Forces in the Casamance calls on combatants to refrain from initiating attacks,"The North-western, South-western and South-eastern fronts of the Movement of the Democratic Forces of Casamance (MFDC) have committed to fully cooperate with the Senegalese health authorities as well as humanitarian organisations to combat the COVID-19 pandemic.
 
In a Statement of solidarity of 16/04/2020, the MFDC also called on their combatants not to initiate military operations, to comply with the Geneva conventions, to facilitate emergency operations as well as to comply with and enforce the guidelines of health authorities.",https://www.peaceagreements.org/searchadv?SearchForm%5Bcountry_entity%5D%5B%5D=118&SearchForm%5Bname%5D=&SearchForm%5Bdate_after%5D=&SearchForm%5Bdate_before%5D=&SearchForm%5Bcategory_mode%5D=any&SearchForm%5Bagreement_text%5D=&SearchForm%5Bversion%5D=&s=Search+Database&timeline,N/A,"https://www.hdcentre.org/updates/the-mouvement-des-forces-democratiques-de-la-casamance-mfdc-stands-in-solidarity-with-efforts-to-combat-covid-19-pandemic/
https://www.hdcentre.org/wp-content/uploads/2020/04/Statement-of-Solidarity-MFDC-COVID-19.pdf",https://www.politicalsettlements.org/wp-content/uploads/2020/06/Senegal-MFDC-Declaration.png,,
C20-1,2020-03-21,2020-03-21,,Libya,Nationwide,11346,13.1875,32.8752,Unilateral ceasefire,Yes,Government of National Accord (GNA),State,,Government of National Accord endorses humanitarian ceasefire,"The UN-supported interim government of Libya, the Government of National Accord (GNA) under Prime Minister Fayez Sarraj, “endorsed an immediate humanitarian cessation of hostilities to allow local authorities to come together in response to the unprecedented public health challenge posed by COVID-19.""",https://www.peaceagreements.org/searchadv?SearchForm%5Bcountry_entity%5D%5B%5D=77&SearchForm%5Bname%5D=&SearchForm%5Bdate_after%5D=&SearchForm%5Bdate_before%5D=&SearchForm%5Bcategory_mode%5D=any&SearchForm%5Bagreement_text%5D=&SearchForm%5Bversion%5D=&s=Search+Database&timeline,https://www.peaceagreements.org/searchadv?SearchForm%5Bcountry_entity%5D%5B%5D=77&SearchForm%5Bname%5D=&SearchForm%5Bdate_after%5D=&SearchForm%5Bdate_before%5D=&SearchForm%5Bcategory_mode%5D=any&SearchForm%5Bagreement_text%5D=&SearchForm%5Bagreement_stage_sub%5D%5B%5D=Ceasefire%2Frelated&SearchForm%5Bversion%5D=&s=Search+Database&timeline,"https://hub.c-r.org/system/files/node/external_news/field_downloadable_files/Rustad%20et%20al%20-%20Are%20the%20Coronavirus%20Ceasefires%20Working%2C%20Conflict%20Trends%204-2020.pdf
 
 https://english.aawsat.com/home/article/2196366/humanitarian-ceasefire-collapses-libyas-tripoli
 
 https://hub.c-r.org/system/files/node/external_news/field_downloadable_files/Rustad%20et%20al%20-%20Are%20the%20Coronavirus%20Ceasefires%20Working%2C%20Conflict%20Trends%204-2020.pdf
 
 https://news.un.org/en/story/2020/03/1059942",,,
C20-2,2020-03-21,2020-03-21,,Libya,Nationwide,11346,13.1875,32.8752,Unilateral ceasefire,Yes,Libyan National Army (LNA)/ al-jaysh al-waṭaniyy al-Lībii,Non-state,,Libyan National Army commits to ceasefire,"Following the announcement of the internationally recognised Government of National Accord's (GNA), Major General Ahmed Mismari of the Libyan National Army (LNA), the GNA's subordinate armed forces, declared that the LNA would also commit to a ceasefire.",https://www.peaceagreements.org/searchadv?SearchForm%5Bcountry_entity%5D%5B%5D=77&SearchForm%5Bname%5D=&SearchForm%5Bdate_after%5D=&SearchForm%5Bdate_before%5D=&SearchForm%5Bcategory_mode%5D=any&SearchForm%5Bagreement_text%5D=&SearchForm%5Bversion%5D=&s=Search+Database&timeline,https://www.peaceagreements.org/searchadv?SearchForm%5Bcountry_entity%5D%5B%5D=77&SearchForm%5Bname%5D=&SearchForm%5Bdate_after%5D=&SearchForm%5Bdate_before%5D=&SearchForm%5Bcategory_mode%5D=any&SearchForm%5Bagreement_text%5D=&SearchForm%5Bagreement_stage_sub%5D%5B%5D=Ceasefire%2Frelated&SearchForm%5Bversion%5D=&s=Search+Database&timeline,"https://hub.c-r.org/system/files/node/external_news/field_downloadable_files/Rustad%20et%20al%20-%20Are%20the%20Coronavirus%20Ceasefires%20Working%2C%20Conflict%20Trends%204-2020.pdf
 
 https://english.aawsat.com/home/article/2196366/humanitarian-ceasefire-collapses-libyas-tripoli
 
 https://hub.c-r.org/system/files/node/external_news/field_downloadable_files/Rustad%20et%20al%20-%20Are%20the%20Coronavirus%20Ceasefires%20Working%2C%20Conflict%20Trends%204-2020.pdf
 
 https://news.un.org/en/story/2020/03/1059942",,,
C20-3,2020-03-24,,,Libya,Nationwide,11346,13.1875,32.8752,Related event,0,A thousand leading figures from across Libya,Non-state,https://www.politicalsettlements.org/wp-content/uploads/2020/06/Libya-Call-for-Unity-Text.pdf,Civil Actors call for unity,"On 24 March 2020, a thousand leading figures in Libya signed a Call for Unity that urges Libyan actors and institutions to set aside anything other than truth and reason, and to stand united in the fights against COVID-19. Signatories included ome of Libya’s leading doctors, health professionals, mayors of towns and cities, parliamentarians and other political and media figures.",https://www.peaceagreements.org/searchadv?SearchForm%5Bcountry_entity%5D%5B%5D=77&SearchForm%5Bname%5D=&SearchForm%5Bdate_after%5D=&SearchForm%5Bdate_before%5D=&SearchForm%5Bcategory_mode%5D=any&SearchForm%5Bagreement_text%5D=&SearchForm%5Bversion%5D=&s=Search+Database&timeline,https://www.peaceagreements.org/searchadv?SearchForm%5Bcountry_entity%5D%5B%5D=77&SearchForm%5Bname%5D=&SearchForm%5Bdate_after%5D=&SearchForm%5Bdate_before%5D=&SearchForm%5Bcategory_mode%5D=any&SearchForm%5Bagreement_text%5D=&SearchForm%5Bagreement_stage_sub%5D%5B%5D=Ceasefire%2Frelated&SearchForm%5Bversion%5D=&s=Search+Database&timeline,https://www.hdcentre.org/updates/libyans-call-for-unity-amidst-the-covid-19-pandemic/,https://www.politicalsettlements.org/wp-content/uploads/2020/06/Libya-Call-for-Unity.png,,
C20-4,2020-06-06,,,Libya,Nationwide,11346,13.1875,32.8752,Unilateral ceasefire,,Libyan National Army (LNA)/ al-jaysh al-waṭaniyy al-Lībii,Non-state,,Libyan National Army declares unilateral ceasefire,"On 06/06/2020, Libyan National Army (LNA) commander Khalifa Haftar and the Egyptian president Abdel-Fattah el-Sisi presented the Cairo Declaration which  […] calls for respecting all international efforts and initiatives by declaring a ceasefire from 6pm [16:00 GMT] Monday, June 8, 2020"".",https://www.peaceagreements.org/searchadv?SearchForm%5Bcountry_entity%5D%5B%5D=77&SearchForm%5Bname%5D=&SearchForm%5Bdate_after%5D=&SearchForm%5Bdate_before%5D=&SearchForm%5Bcategory_mode%5D=any&SearchForm%5Bagreement_text%5D=&SearchForm%5Bversion%5D=&s=Search+Database&timeline,https://www.peaceagreements.org/searchadv?SearchForm%5Bcountry_entity%5D%5B%5D=77&SearchForm%5Bname%5D=&SearchForm%5Bdate_after%5D=&SearchForm%5Bdate_before%5D=&SearchForm%5Bcategory_mode%5D=any&SearchForm%5Bagreement_text%5D=&SearchForm%5Bagreement_stage_sub%5D%5B%5D=Ceasefire%2Frelated&SearchForm%5Bversion%5D=&s=Search+Database&timeline,https://www.aljazeera.com/news/2020/06/egypt-el-sisi-haftar-backs-libya-ceasefire-200606133939141.html https://www.theguardian.com/world/2020/jun/06/egyptian-president-announces-plan-for-ceasefire-in-libya,https://www.politicalsettlements.org/wp-content/uploads/2020/07/libya-map-11-6-20.png,"by Ali Zifan,  licensed under CC BY-SA 4.0","June, 2020: Government of National Accord (green), Libyan National Army (red)"
C20-5,2020-06-08,2020-06-08,,Libya,Nationwide,11346,13.1875,32.8752,Unilateral ceasefire,,Libyan National Army (LNA)/ al-jaysh al-waṭaniyy al-Lībii,Non-state,,Libyan National Army ceasefire commences,The unilateral ceasefire of the Libyan National Army (LNA) commences. It was declared by its commander Khalifa Haftar  on 06/06/2020.,https://www.peaceagreements.org/searchadv?SearchForm%5Bcountry_entity%5D%5B%5D=77&SearchForm%5Bname%5D=&SearchForm%5Bdate_after%5D=&SearchForm%5Bdate_before%5D=&SearchForm%5Bcategory_mode%5D=any&SearchForm%5Bagreement_text%5D=&SearchForm%5Bversion%5D=&s=Search+Database&timeline,https://www.peaceagreements.org/searchadv?SearchForm%5Bcountry_entity%5D%5B%5D=77&SearchForm%5Bname%5D=&SearchForm%5Bdate_after%5D=&SearchForm%5Bdate_before%5D=&SearchForm%5Bcategory_mode%5D=any&SearchForm%5Bagreement_text%5D=&SearchForm%5Bagreement_stage_sub%5D%5B%5D=Ceasefire%2Frelated&SearchForm%5Bversion%5D=&s=Search+Database&timeline,"https://www.aljazeera.com/news/2020/06/egypt-el-sisi-haftar-backs-libya-ceasefire-200606133939141.html

https://www.theguardian.com/world/2020/jun/06/egyptian-president-announces-plan-for-ceasefire-in-libya",,,
C21-1,2020-04-18,,,Central African Republic,North-central Central African Republic,416,18.5550,4.3612,Related event,Yes,Democratic Front of the Central African People/ Front démocratique du peuple centrafricain (FDPC),Non-state,https://www.politicalsettlements.org/wp-content/uploads/2020/06/CAR-FDPC-Declaration.pdf,Democratic Front of the Central African People recommits to existing peace deal,"The Democratic Front of the Central African People (FDPC) committed to fully cooperate with health authorities, promote preventative measures against the virus and ensure the safety of humanitarian organisations.
The FDPC and the rebel group 'Return, Reclamation, Rehabilitation' (3R) are both signatories to the Political Agreement for Peace and Reconciliation (APPR) that officially ended the civil war in the Central African Republic on 05/02/2019. Their COVID-19 statements reaffirmed their commitment to peace during this turbulent period.",https://www.peaceagreements.org/searchadv?SearchForm%5Bcountry_entity%5D%5B%5D=26&SearchForm%5Bname%5D=&SearchForm%5Bdate_after%5D=&SearchForm%5Bdate_before%5D=&SearchForm%5Bcategory_mode%5D=any&SearchForm%5Bagreement_text%5D=&SearchForm%5Bversion%5D=&s=Search+Database&timeline,https://www.peaceagreements.org/searchadv?SearchForm%5Bcountry_entity%5D%5B%5D=26&SearchForm%5Bname%5D=&SearchForm%5Bdate_after%5D=&SearchForm%5Bdate_before%5D=&SearchForm%5Bcategory_mode%5D=any&SearchForm%5Bagreement_text%5D=&SearchForm%5Bagreement_stage_sub%5D%5B%5D=Ceasefire%2Frelated&SearchForm%5Bversion%5D=&s=Search+Database&timeline,"https://www.hdcentre.org/updates/two-armed-groups-in-the-central-african-republic-the-fpdc-and-the-3r-have-called-for-an-end-to-violence-in-solidarity-with-efforts-to-combat-covid-19/

https://www.hdcentre.org/wp-content/uploads/2020/05/D%C3%A9claration-solidarit%C3%A9-Covid-19_FDPC-1.pdf",https://www.politicalsettlements.org/wp-content/uploads/2020/06/CAR-FDPC-Declaration.png,,
C21-2,2020-04-18,,,Central African Republic,North-western Central African Republic,416,18.5550,4.3612,Related event,Yes,"Return, Reclamation, Rehabilitation/ Retour, Réclamation, Réhabilitation (3R)",Non-state,https://www.politicalsettlements.org/wp-content/uploads/2020/06/CAR-3R-Declaration.pdf,Rebel group 3R commits to promoting safety of humanitarian organisations,"3R committed to fully cooperate with health authorities, promote preventative measures against the virus and ensure the safety of humanitarian organisations.",https://www.peaceagreements.org/searchadv?SearchForm%5Bcountry_entity%5D%5B%5D=26&SearchForm%5Bname%5D=&SearchForm%5Bdate_after%5D=&SearchForm%5Bdate_before%5D=&SearchForm%5Bcategory_mode%5D=any&SearchForm%5Bagreement_text%5D=&SearchForm%5Bversion%5D=&s=Search+Database&timeline,https://www.peaceagreements.org/searchadv?SearchForm%5Bcountry_entity%5D%5B%5D=26&SearchForm%5Bname%5D=&SearchForm%5Bdate_after%5D=&SearchForm%5Bdate_before%5D=&SearchForm%5Bcategory_mode%5D=any&SearchForm%5Bagreement_text%5D=&SearchForm%5Bagreement_stage_sub%5D%5B%5D=Ceasefire%2Frelated&SearchForm%5Bversion%5D=&s=Search+Database&timeline,"https://www.hdcentre.org/updates/two-armed-groups-in-the-central-african-republic-the-fpdc-and-the-3r-have-called-for-an-end-to-violence-in-solidarity-with-efforts-to-combat-covid-19/

https://www.hdcentre.org/wp-content/uploads/2020/05/D%C3%A9claration-solidarit%C3%A9-Covid-19_3R.pdf",https://www.politicalsettlements.org/wp-content/uploads/2020/06/CAR-3R-Declaration.png,,
C21-3,2020-05-04,2020-05-04,,Central African Republic,Birao,416,18.5550,4.3612,Related event,Yes,Movement of Central African Liberators for Justice (MLCJ)/ Le Mouvement des libérateurs centrafricains pour la justice,Non-state,https://www.politicalsettlements.org/wp-content/uploads/2020/06/CAR-MLCJ-Declaration.pdf,Movement of Central African Liberators for Justice guarantees safety of humanitarian organisations,"In a press release dated 04/05/2020, the Movement of Central African Liberators for Justice (MLCJ) pledged to promote pandemic prevention measures, fully cooperate with health authorities, as well as guarantee the safety of humanitarian organisations. MLCJ’s declaration follows those of the rebel group 'Retour, Réclamation, Réhabilitation' (3R) and the Democratic Front of the Central African People (FDPC). While technically a ceasefire had been called on 05/02/2019, this statement in-essence confirmed an ongoing commitment in the context of COVID-19.",https://www.peaceagreements.org/searchadv?SearchForm%5Bcountry_entity%5D%5B%5D=26&SearchForm%5Bname%5D=&SearchForm%5Bdate_after%5D=&SearchForm%5Bdate_before%5D=&SearchForm%5Bcategory_mode%5D=any&SearchForm%5Bagreement_text%5D=&SearchForm%5Bversion%5D=&s=Search+Database&timeline,https://www.peaceagreements.org/searchadv?SearchForm%5Bcountry_entity%5D%5B%5D=26&SearchForm%5Bname%5D=&SearchForm%5Bdate_after%5D=&SearchForm%5Bdate_before%5D=&SearchForm%5Bcategory_mode%5D=any&SearchForm%5Bagreement_text%5D=&SearchForm%5Bagreement_stage_sub%5D%5B%5D=Ceasefire%2Frelated&SearchForm%5Bversion%5D=&s=Search+Database&timeline,"https://www.hdcentre.org/updates/the-movement-of-central-african-liberators-for-justice-mlcj-in-turn-declares-its-solidarity-in-the-fight-against-covid-19/
https://www.hdcentre.org/wp-content/uploads/2020/05/D%C3%A9claration-solidarit%C3%A9-Covid-19_MLCJ.pdf",https://www.politicalsettlements.org/wp-content/uploads/2020/06/CAR-MLCJ-Declaration.png,,
C22-1,2020-03-24,2020-03-24,,Syria,Northeast Syria,299,36.2913,33.5102,Unilateral ceasefire,0,Syrian Democratic Forces (SDF)/Quwwāt Sūriyā al-Dīmuqrāṭīya/ Hêzên Sûriya Demokratîk,Non-state,https://www.politicalsettlements.org/wp-content/uploads/2020/06/Syria-SDF-Ceasefire-Text.pdf,Syrian Democratic Forces announce humanitarian truce,"The General Command of the Syrian Democratic Forces (SDF) released a statement announcing the suspension of all SDF military activities other than self-defence in north-eastern Syria to allow warring parties to focus on their response to COVID-19 on 24/03/2020. SDF leadership urged all actors in Syria to refrain from military actions and make an immediate commitment to a humanitarian truce, “we hope that this humanitarian truce will help to open the door for dialogue and political solution and to put an end to the war in the world and Syria”. The SDF warned that a renewal of hostilities would increase the spread of the virus and severely affect Syria's deteriorated health infrastructure, already underequipped to handle the crisis.",https://www.peaceagreements.org/search?SearchForm%5Bregion%5D=&SearchForm%5Bcountry_entity%5D=131&SearchForm%5Bname%5D=&SearchForm%5Bcategory_mode%5D=any&SearchForm%5Bagreement_text%5D=&s=Search+Database&timeline,https://www.peaceagreements.org/searchadv?SearchForm%5Bcountry_entity%5D%5B%5D=131&SearchForm%5Bname%5D=&SearchForm%5Bdate_after%5D=&SearchForm%5Bdate_before%5D=&SearchForm%5Bcategory_mode%5D=any&SearchForm%5Bagreement_text%5D=&SearchForm%5Bagreement_stage_sub%5D%5B%5D=Ceasefire%2Frelated&SearchForm%5Bversion%5D=&s=Search+Database&timeline,"https://www.kurdistan24.net/en/news/36baafd8-e08b-4e7f-bedc-3acb28c5ba90

https://www.kurdistan24.net/en/news/49ff1cba-660c-4891-aa04-7bb417fedc57

https://www.un.org/sg/en/content/sg/note-correspondents/2020-03-26/note-correspondents-%E2%80%93-response-questions-the-humanitarian-truce-announced-forces-northeast-syria

https://www.kurdistan24.net/en/news/6fdaf484-73da-4cc3-ab1f-ada83e8dadad

http://sdf-press.com/en/2020/03/a-statement-to-the-public-opinion-5/",https://www.politicalsettlements.org/wp-content/uploads/2020/06/Syria-SDF-Ceasefire-Text.png,,
C23-1,2020-05-23,,,Afghanistan,Nationwide,333,69.1723,34.5281,Unilateral ceasefire,Yes,Taliban,Non-state,,Taliban declare unilateral ceasefire during Eid,"On 23/05/2020 the Taliban unilaterally declared a three-day ceasefire for the period of Eid, starting on 24/05/2020.",https://www.peaceagreements.org/searchadv?SearchForm%5Bcountry_entity%5D%5B%5D=5&SearchForm%5Bname%5D=&SearchForm%5Bdate_after%5D=&SearchForm%5Bdate_before%5D=&SearchForm%5Bcategory_mode%5D=any&SearchForm%5Bagreement_text%5D=&SearchForm%5Bversion%5D=&s=Search+Database&timeline,N/A,"https://www.aljazeera.com/news/2020/05/afghan-taliban-announces-day-eid-ceasefire-200523190953783.html

https://www.afghannow.net/world/2020/05/27/۹۰۰-طالب-بندیان-خوشې-شول-افغانان-هیله-ل/

https://www.reuters.com/article/us-afghanistan-taliban-ceasefire/afghan-government-says-ceasefire-still-in-place-even-as-skirmishes-with-taliban-resume-idUSKBN2341MX",https://www.politicalsettlements.org/wp-content/uploads/2015/07/5.2.b.jpg,,
C23-2,2020-05-24,2020-05-24,2020-05-26,Afghanistan,Nationwide,333,69.1723,34.5281,Unilateral ceasefire,Yes,Taliban,Non-state,,Taliban ceasefire commences,A three-day ceasefire for the period of Eid by the Taliban commences. It was declared on 23/05/2020 and is set to end on 26/05/2020.,https://www.peaceagreements.org/searchadv?SearchForm%5Bcountry_entity%5D%5B%5D=5&SearchForm%5Bname%5D=&SearchForm%5Bdate_after%5D=&SearchForm%5Bdate_before%5D=&SearchForm%5Bcategory_mode%5D=any&SearchForm%5Bagreement_text%5D=&SearchForm%5Bversion%5D=&s=Search+Database&timeline,N/A,"https://www.aljazeera.com/news/2020/05/afghan-taliban-announces-day-eid-ceasefire-200523190953783.html

https://www.afghannow.net/world/2020/05/27/۹۰۰-طالب-بندیان-خوشې-شول-افغانان-هیله-ل/

https://www.reuters.com/article/us-afghanistan-taliban-ceasefire/afghan-government-says-ceasefire-still-in-place-even-as-skirmishes-with-taliban-resume-idUSKBN2341MX",https://www.politicalsettlements.org/wp-content/uploads/2015/07/5.2.a1.jpg,,
C23-3,2020-05-24,,,Afghanistan,Nationwide,333,69.1723,34.5281,Unilateral ceasefire,Yes,Afghan Government,State,,Afghan government declares compliance with ceasefire,The Afghan government welcomed the ceasefire declared by the Taliban on 23/05/2020 and instructed its troops to also comply.,https://www.peaceagreements.org/searchadv?SearchForm%5Bcountry_entity%5D%5B%5D=5&SearchForm%5Bname%5D=&SearchForm%5Bdate_after%5D=&SearchForm%5Bdate_before%5D=&SearchForm%5Bcategory_mode%5D=any&SearchForm%5Bagreement_text%5D=&SearchForm%5Bversion%5D=&s=Search+Database&timeline,N/A,"https://www.aljazeera.com/news/2020/05/afghan-taliban-announces-day-eid-ceasefire-200523190953783.html

https://www.afghannow.net/world/2020/05/27/۹۰۰-طالب-بندیان-خوشې-شول-افغانان-هیله-ل/

https://www.reuters.com/article/us-afghanistan-taliban-ceasefire/afghan-government-says-ceasefire-still-in-place-even-as-skirmishes-with-taliban-resume-idUSKBN2341MX",https://www.politicalsettlements.org/wp-content/uploads/2018/06/PA-33988841.jpg,NurPhoto/ Press Association. All rights reserved.,
C23-4,2020-05-26,,,Afghanistan,Nationwide,333,69.1723,34.5281,Update to ceasefire,,Afghan Government,State,,Afghan government release prisoners in good faith,On 26/05/2020 the Afghan Government released more than 900 prisoners in good faith and with the goal to get the Taliban to extend the ceasefire beyond the agreed three-day period.,https://www.peaceagreements.org/searchadv?SearchForm%5Bcountry_entity%5D%5B%5D=5&SearchForm%5Bname%5D=&SearchForm%5Bdate_after%5D=&SearchForm%5Bdate_before%5D=&SearchForm%5Bcategory_mode%5D=any&SearchForm%5Bagreement_text%5D=&SearchForm%5Bversion%5D=&s=Search+Database&timeline,N/A,"https://www.aljazeera.com/news/2020/05/afghan-taliban-announces-day-eid-ceasefire-200523190953783.html

https://www.afghannow.net/world/2020/05/27/۹۰۰-طالب-بندیان-خوشې-شول-افغانان-هیله-ل/

https://www.reuters.com/article/us-afghanistan-taliban-ceasefire/afghan-government-says-ceasefire-still-in-place-even-as-skirmishes-with-taliban-resume-idUSKBN2341MX",,,
C23-5,2020-05-29,,,Afghanistan,Nationwide,333,69.1723,34.5281,Update to ceasefire,0,Taliban,Non-state,,Taliban military operations recommence ,"Skirmishes between Taliban fighters and Afghan security forces recommenced following the end of the three-day truce at midnight on 26/05/2020. The Afghan Ministry of Defence reported that on 28/05/2020 the Taliban killed at least 14 people from the security forces in northern Parwan and western Farah provinces. On 29/05/2020 members of the Afghan army were killed in the province of Paktiya. Three others were wounded in the attack that was also confirmed by the Taliban. The Afghan government is appealing to the Taliban to extend the ceasefire, stating that despite the latest attacks, a truce could still hold.",https://www.peaceagreements.org/searchadv?SearchForm%5Bcountry_entity%5D%5B%5D=5&SearchForm%5Bname%5D=&SearchForm%5Bdate_after%5D=&SearchForm%5Bdate_before%5D=&SearchForm%5Bcategory_mode%5D=any&SearchForm%5Bagreement_text%5D=&SearchForm%5Bversion%5D=&s=Search+Database&timeline,N/A,"https://www.aljazeera.com/news/2020/05/afghan-forces-killed-gov-urges-taliban-extend-ceasefire-200529052525519.html

https://www.reuters.com/article/us-afghanistan-taliban-ceasefire/afghan-government-says-ceasefire-still-in-place-even-as-skirmishes-with-taliban-resume-idUSKBN2341MX",,,
C24-1,2020-05-03,2020-05-03,2020-05-31,Myanmar,"Shan state, Kachin state, China-Myanmar border",N/A,96.1297,19.7450,Unilateral ceasefire,0,Northern Alliance,Non-state,,Northern Alliance declares month-long ceasefire,"The Northern Alliance, an alliance of ethnic armed groups, composed of the Arakan Army (AA), Myanmar National Democratic Alliance Army (MNDAA), and Ta’ang National Liberation Army (TNLA), announced a unilateral ceasefire on 03/05/2020.",https://www.peaceagreements.org/searchadv?SearchForm%5Bcountry_entity%5D%5B%5D=92&SearchForm%5Bname%5D=&SearchForm%5Bdate_after%5D=&SearchForm%5Bdate_before%5D=&SearchForm%5Bcategory_mode%5D=any&SearchForm%5Bagreement_text%5D=&SearchForm%5Bversion%5D=&s=Search+Database&timeline,https://www.peaceagreements.org/searchadv?SearchForm%5Bcountry_entity%5D%5B%5D=92&SearchForm%5Bname%5D=&SearchForm%5Bdate_after%5D=&SearchForm%5Bdate_before%5D=&SearchForm%5Bcategory_mode%5D=any&SearchForm%5Bagreement_text%5D=&SearchForm%5Bagreement_stage_sub%5D%5B%5D=Ceasefire%2Frelated&SearchForm%5Bversion%5D=&s=Search+Database&timeline,"https://www.mmtimes.com/news/arakan-army-two-allies-extend-truce-another-month.html

https://www.mmtimes.com/news/clashes-break-out-northern-shan-despite-truce.html

https://thediplomat.com/2020/05/myanmars-meaningless-unilateral-ceasefires/",,,
C24-2,2020-05-09,,,Myanmar,Nationwide excl. Rakhine state and Paletwa township of Chin state,N/A,96.1297,19.7450,Unilateral ceasefire,0,Myanmar military (Tatmadaw),State,,Myanmar military announces 4-month ceasefire,"On 09/05/2020, the Myanmar military, the Tatmadaw, ""issued a statement meeting the international standards to enforce a ceasefire in the areas from 10/05/2020 to 31/08/2020 except the areas where terrorist groups declared by the government take positions, with the aim of effectively and rapidly carrying out containment, prevention and treatment of COVID-19 in Myanmar and restoring eternal peace [...] The ceasefire left out Rakhine state and Paletwa township of Chin state, where clashes between the AA and the Myanmar military have been intensifying in recent weeks."" Other regions included in the ceasefire declaration have also seen a resurgence of fighting.""",https://www.peaceagreements.org/searchadv?SearchForm%5Bcountry_entity%5D%5B%5D=92&SearchForm%5Bname%5D=&SearchForm%5Bdate_after%5D=&SearchForm%5Bdate_before%5D=&SearchForm%5Bcategory_mode%5D=any&SearchForm%5Bagreement_text%5D=&SearchForm%5Bversion%5D=&s=Search+Database&timeline,https://www.peaceagreements.org/searchadv?SearchForm%5Bcountry_entity%5D%5B%5D=92&SearchForm%5Bname%5D=&SearchForm%5Bdate_after%5D=&SearchForm%5Bdate_before%5D=&SearchForm%5Bcategory_mode%5D=any&SearchForm%5Bagreement_text%5D=&SearchForm%5Bagreement_stage_sub%5D%5B%5D=Ceasefire%2Frelated&SearchForm%5Bversion%5D=&s=Search+Database&timeline,"https://www.globalnewlightofmyanmar.com/tatmadaw-releases-statement-on-ceasefire-and-eternal-peace/?utm_source=The+New+Humanitarian&utm_campaign=9b27973bb0-EMAIL_CAMPAIGN_Cheat_Sheet_22_May&utm_medium=email&utm_term=0_d842d98289-9b27973bb0-15671461

https://www.orfonline.org/research/covid-19-and-conflict-in-myanmar-no-truce-for-the-rohingya-67071/

https://thediplomat.com/2020/05/myanmars-meaningless-unilateral-ceasefires/

https://www.bnionline.net/en/news/tatmadaw-fight-tnla-after-announcing-unilateral-ceasefire",,,
C24-3,2020-05-10,2020-05-10,2020-08-31,Myanmar,Nationwide excl. Rakhine state and Paletwa township of Chin state,N/A,96.1297,19.7450,Unilateral ceasefire,0,Myanmar military (Tatmadaw),State,,Myanmar military ceasefire commences,"A ceasefire of the Myanmar military, the Tatmadaw, set for the period between 10/05/2020 to 31/08/2020, commences. It was announced on 09/05/2020 with the aim to help with the containment of COVID-19 and to restore peace. It is not entirely nationwide as it does not extend to Rakhine state and Paletwa township of Chin state.",https://www.peaceagreements.org/searchadv?SearchForm%5Bcountry_entity%5D%5B%5D=92&SearchForm%5Bname%5D=&SearchForm%5Bdate_after%5D=&SearchForm%5Bdate_before%5D=&SearchForm%5Bcategory_mode%5D=any&SearchForm%5Bagreement_text%5D=&SearchForm%5Bversion%5D=&s=Search+Database&timeline,https://www.peaceagreements.org/searchadv?SearchForm%5Bcountry_entity%5D%5B%5D=92&SearchForm%5Bname%5D=&SearchForm%5Bdate_after%5D=&SearchForm%5Bdate_before%5D=&SearchForm%5Bcategory_mode%5D=any&SearchForm%5Bagreement_text%5D=&SearchForm%5Bagreement_stage_sub%5D%5B%5D=Ceasefire%2Frelated&SearchForm%5Bversion%5D=&s=Search+Database&timeline,"https://www.globalnewlightofmyanmar.com/tatmadaw-releases-statement-on-ceasefire-and-eternal-peace/?utm_source=The+New+Humanitarian&utm_campaign=9b27973bb0-EMAIL_CAMPAIGN_Cheat_Sheet_22_May&utm_medium=email&utm_term=0_d842d98289-9b27973bb0-15671461

https://www.orfonline.org/research/covid-19-and-conflict-in-myanmar-no-truce-for-the-rohingya-67071/

https://thediplomat.com/2020/05/myanmars-meaningless-unilateral-ceasefires/

https://www.bnionline.net/en/news/tatmadaw-fight-tnla-after-announcing-unilateral-ceasefire",,,
C25-1,2020-04-13,2020-04-13,2020-05-04,Angola,Cabinda,387,13.2340,-8.8380,Unilateral ceasefire,0,Front for the Liberation of the Enclave of Cabinda (FLEC),Non-state,,Front for the Liberation of the Enclave of Cabinda declares 4-week ceasefire,"On 13/04/2020, the Front for the Liberation of the Enclave of Cabinda (FLEC) declared a unilateral ceasefire starting on 13/04/2020 at 20:00 and lasting four weeks. The temporary ceasefire is a direct response to Guterres’ appeal for a global ceasefire, according to the FLEC spokesman Jean Claude Nzita.",https://www.peaceagreements.org/searchadv?SearchForm%5Bcountry_entity%5D%5B%5D=9&SearchForm%5Bname%5D=&SearchForm%5Bdate_after%5D=&SearchForm%5Bdate_before%5D=&SearchForm%5Bcategory_mode%5D=any&SearchForm%5Bagreement_text%5D=&SearchForm%5Bversion%5D=&s=Search+Database&timeline,https://www.peaceagreements.org/searchadv?SearchForm%5Bcountry_entity%5D%5B%5D=9&SearchForm%5Bname%5D=&SearchForm%5Bdate_after%5D=&SearchForm%5Bdate_before%5D=&SearchForm%5Bcategory_mode%5D=any&SearchForm%5Bagreement_text%5D=&SearchForm%5Bagreement_stage_sub%5D%5B%5D=Ceasefire%2Frelated&SearchForm%5Bversion%5D=&s=Search+Database&timeline,"https://e-global.pt/noticias/lusofonia/cabinda/cabinda-resistencia-declara-cessar-fogo-unilateral-na-sequencia-do-apelo-de-antonio-guterres/

https://abcnews.go.com/US/wireStory/chief16-armed-groups-responded-cease-fire-appeal-70443437",https://www.politicalsettlements.org/wp-content/uploads/2020/07/Angola-Cabinda-region-map.png,"by Goran tek-en, licensed under CC BY-SA 4.0",Map or Cabinda region in Angola
C26-1,2020-04-05,2020-04-05,,India,Red Corridor,227,77.2170,28.6450,Unilateral ceasefire,0,Communist Party of India (CPI),Non-state,,Communist Party of India announces unilateral ceasefire,"On 05/04/2020 the Communist Party of India (CPI), a Maoist communist party that mainly operates in the Red Corridor region of India, announced a unilateral ceasefire to help with containing the COVID-19 pandemic. With this, the CPI also gave a five-day deadline to the governments in the affected states to respond to the offer. In a statement, it said that the CPI, People’s Liberation Guerrilla Army (PLGA), which is its armed wing, and other frontal organisations ""have decided against carrying out any kind of attack on the security forces during this period"". This is, however, reliant on the government's compliance with the ceasefire and the PLGA reserved its right to resist if police initiated action. The declaration was not directly made by CPI leadership, but by the Malkangiri-Koraput-Visakha Divisional Committee (MKVDC), which is part of the CPI. The governmentdid not respond to this proposal.",https://www.peaceagreements.org/searchadv?SearchForm%5Bcountry_entity%5D%5B%5D=62&SearchForm%5Bname%5D=&SearchForm%5Bdate_after%5D=&SearchForm%5Bdate_before%5D=&SearchForm%5Bcategory_mode%5D=any&SearchForm%5Bagreement_text%5D=&SearchForm%5Bversion%5D=&s=Search+Database&timeline,https://www.peaceagreements.org/searchadv?SearchForm%5Bcountry_entity%5D%5B%5D=62&SearchForm%5Bname%5D=&SearchForm%5Bdate_after%5D=&SearchForm%5Bdate_before%5D=&SearchForm%5Bcategory_mode%5D=any&SearchForm%5Bagreement_text%5D=&SearchForm%5Bagreement_stage_sub%5D%5B%5D=Ceasefire%2Frelated&SearchForm%5Bversion%5D=&s=Search+Database&timeline,"https://timesofindia.indiatimes.com/india/maoists-call-for-truce-in-the-time-of-corona/articleshow/75016152.cms

https://acleddata.com/2020/05/13/call-unanswered-un-appeal/

https://www.deccanchronicle.com/opinion/op-ed/190420/for-red-corridor-to-win-covid-war-truce-a-must.html

https://telanganatoday.com/maoists-announce-unilateral-ceasefire-due-to-coronavirus",https://www.politicalsettlements.org/wp-content/uploads/2020/07/india-red-corridor-map-2013.png,"by M Tracy Hunter, licensed under CC BY-SA 4.0",Map of Indian regions affected by left winged radicalism
