"","CaseID","Country","StartYear","EndYear","Startmonth","Endmonth","Designation of the Event(s)","Public Health Activities","Children","Mothers_women","Others","Target Population(s)","Polio","Measles","Diphtheria","Pertussis","Tetanus","Cholera","Rubella","Other","Target Public Health Issue(s)","Parties Involved","UN_involved","UCDP_conflict","UCDP2","UCDP3","ISO3","cases","gwno","Startdate","Enddate"
"1","1","Afghanistan","1994","1994","11","11","Days of Tranquillity/Mass Immunisation Campaign (4)","Vaccination Campaign","1","1","0","Children, mothers (4)","1","1","1","1","1","0","0","0","Polio, measles, diptheria, pertussis, and tetanus (Children), tetanus (Women) (4, 5, 7)","Taliban (3), UNICEF, Ministry of Public Health (4), WHO, UNHCR, WFP","1","333","NA","NA","AFG","1","700","1994-11-01","1994-11-28"
"2","2","Afghanistan","1995","1995","4","6","Days of Tranquillity/Mass Immunisation Campaign (4)/Health Ceasefire (6)","Vaccination Campaign","1","1","0","Children, mothers (4)","1","1","1","1","1","0","0","0","Polio, measles, diptheria, pertussis, and tetanus (Children), tetanus (Women) (4, 5, 7)","Taliban (3), UNICEF, Ministry of Public Health (4), WHO, UNHCR, WFP","1","333","NA","NA","AFG","1","700","1995-04-01","1995-06-28"
"3","3","Afghanistan","1996","1996","6","7","Days of Tranquillity","Vaccination Campaign","1","1","0","Children, mothers (4)","1","0","0","0","0","0","0","0","Polio (children)","UNICEF, Taliban","1","333","NA","NA","AFG","1","700","1996-06-01","1996-07-28"
"4","4","Afghanistan","1996","1996","7","8","Days of Tranquillity","Vaccination Campaign","1","1","0","Children, mothers (4)","1","0","0","0","0","0","0","0","Polio (children)","UNICEF, Taliban","1","333","NA","NA","AFG","1","700","1996-07-01","1996-08-28"
"5","5","Afghanistan","1997","1997","4","5","Days of Tranquillity (3)","Vaccination Campaign","1","0","0","Children","1","0","0","0","0","0","0","0","Polio","UNICEF, WHO, Rotary, Taliban, northern coalition","1","333","NA","NA","AFG","1","700","1997-04-01","1997-05-28"
"6","6","Afghanistan","1998","1998","5","5","Days of Tranquillity","Vaccination Campaign","1","0","0","Children","1","0","0","0","0","0","0","0","Polio","UNICEF, Taliban, other international organisations and NGOs","1","333","NA","NA","AFG","1","700","1998-05-01","1998-05-28"
"7","7","Afghanistan","1999","1999","5","6","Days of Tranquillity (1)","Vaccination Campaign, Vitamin provision (6)","1","0","0","Children","1","0","0","0","0","0","0","1","Polio, vitamin A provision","UNICEF, Taliban, Northern Alliance","1","333","NA","NA","AFG","1","700","1999-05-01","1999-06-28"
"8","8","Afghanistan","2000","2000","5","6","Days of Tranquillity (1)","Vaccination Campaign","1","0","0","Children","0","0","0","0","0","0","0","0","NA","UNICEF, Taliban, Northern Alliance","1","333","NA","NA","AFG","1","700","2000-05-01","2000-06-28"
"9","9","Afghanistan","2000","2000","6","6","Days of Tranquillity/Ceasefire","Vaccination Campaign","1","0","0","Children","1","0","0","0","0","0","0","0","Polio","UNICEF, Taliban, Northern Alliance","1","333","NA","NA","AFG","1","700","2000-06-01","2000-06-28"
"10","10","Afghanistan","2000","2000","10","11","Days of Tranquillity (1)","Vaccination Campaign","1","0","0","Children","0","0","0","0","0","0","0","0","NA","UNICEF, Taliban, Northern Alliance","1","333","NA","NA","AFG","1","700","2000-10-01","2000-11-28"
"11","11","Afghanistan","2000","2000","11","11","Days of Tranquillity/Ceasefire","Vaccination Campaign","1","0","0","Children","1","0","0","0","0","0","0","0","Polio","UNICEF","1","333","NA","NA","AFG","1","700","2000-11-01","2000-11-28"
"12","12","Afghanistan","2001","2001","3","3","Days of Tranquillity/National Immunisation Days","Vaccination Campaign","1","0","0","Children","1","0","0","0","0","0","0","0","Polio","UNICEF, WHO, Northern Alliance, Taliban","1","333","NA","NA","AFG","1","700","2001-03-01","2001-03-28"
"13","13","Afghanistan","2001","2001","4","4","Days of Tranquillity/National Immunisation Days","Vaccination Campaign","1","0","0","Children","1","0","0","0","0","0","0","0","Polio","UNICEF, WHO, Northern Alliance, Taliban","1","333","NA","NA","AFG","1","700","2001-04-01","2001-04-28"
"14","14","Afghanistan","2001","2001","5","5","Days of Tranquillity/National Immunisation Days","Vaccination Campaign","1","0","0","Children","1","0","0","0","0","0","0","0","Polio","UNICEF, WHO, Northern Alliance, Taliban","1","333","NA","NA","AFG","1","700","2001-05-01","2001-05-28"
"15","15","Afghanistan","2007","2007","9","9","Peace Day","Vaccination Campaign","1","0","0","Children","1","0","0","0","0","0","0","0","Polio","Government of Afghanistan, WHO, ICRC, UNICEF, Taliban, Red Crescent","1","333","NA","NA","AFG","1","700","2007-09-01","2007-09-28"
"16","16","Afghanistan","2008","2008","9","9","Peace Day","Vaccination Campaign","1","0","0","Children","1","0","0","0","0","0","0","0","Polio","WHO, Taliban, Government of Afghanistan, International Forces","1","333","NA","NA","AFG","1","700","2008-09-01","2008-09-28"
"17","17","Afghanistan","2009","2009","NA","NA","Ceasefire","Provision of treatment and patient evacuation","0","0","0","NA","0","0","0","0","0","1","0","0","Cholera","ICRC, WHO, Ministry of Public Health, US forces, ""armed opposition"" (1)","1","333","NA","NA","AFG","1","700","NA","NA"
"18","18","Burundi","2001","2001","8","9","Days of Tranquillity (1)","Vaccination Campaign, Vitamin Supply","1","0","0","Children","1","1","0","0","0","0","0","1","Polio, measles, vitamin A supplement","UN, FDD, FNL","1","287","NA","NA","BDI","1","516","2001-08-01","2001-09-28"
"19","19","DRC","1999","1999","8","10","Days of Tranquillity","Vaccination Campaign, Vitamin Supply (4)","1","0","0","Children","1","1","0","0","0","0","0","1","Polio, measles, vitamin A supplement","UN, ICRC (check), WHO, USAID (1)","1","283","NA","NA","COD","1","490","1999-08-01","1999-10-28"
"20","20","East Timor","1999","1999","7","12","Truce for Children","Vaccination Campaign, Provision of Food and Treatment (1)","1","1","0","Children, mothers (?)","1","1","1","1","1","0","0","1","Tuberculosis, measles, polio, diphtheria, pertussis, and tetanus (2, 4)","UNICEF, MSF, WHO, Catholic Church, ""pro-independence and pro-integrationist movements"" (4)","1","330","NA","NA","TLS","1","860","1999-07-01","1999-12-28"
"21","21","El Salvador","1985","1985","2","2","Days of Tranquillity","Vaccination Campaign","1","0","0","Children","1","1","1","1","1","0","0","0","Polio, measles, diphtheria, pertussis, tetanus (4)","PAHO, UNICEF, Government, Roman Catholic Church, Red Cross, FMLN, USAID, Canadian Public Health Association, IADB","1","316","NA","NA","SLV","1","92","1985-02-01","1985-02-28"
"22","22","El Salvador","1985","1985","3","3","Days of Tranquillity","Vaccination Campaign","1","0","0","Children","1","1","1","1","1","0","0","0","Polio, measles, diphtheria, pertussis, tetanus (4)","PAHO, UNICEF, Government, Roman Catholic Church, Red Cross, FMLN, USAID, Canadian Public Health Association, IADB","1","316","NA","NA","SLV","1","92","1985-03-01","1985-03-28"
"23","23","El Salvador","1985","1985","4","4","Days of Tranquillity","Vaccination Campaign","1","0","0","Children","1","1","1","1","1","0","0","0","Polio, measles, diphtheria, pertussis, tetanus (4)","PAHO, UNICEF, Government, Roman Catholic Church, Red Cross, FMLN, USAID, Canadian Public Health Association, IADB","1","316","NA","NA","SLV","1","92","1985-04-01","1985-04-28"
"24","24","El Salvador","1986","1986","4","4","Days of Tranquillity","Vaccination Campaign","1","1","0","Children, women","1","1","1","1","1","0","0","0","Polio (likely also diphtheria, pertussis, tetanus, and measles - children), tetanus (women) (7)","PAHO, UNICEF, Government, Roman Catholic Church, Red Cross, FMLN, USAID, Canadian Public Health Association, IADB","1","316","NA","NA","SLV","1","92","1986-04-01","1986-04-28"
"25","25","El Salvador","1986","1986","5","5","Days of Tranquillity","Vaccination Campaign","1","1","0","Children, women","1","1","1","1","1","0","0","0","Polio (likely also diphtheria, pertussis, tetanus, and measles - children), tetanus (women) (7)","PAHO, UNICEF, Government, Roman Catholic Church, Red Cross, FMLN, USAID, Canadian Public Health Association, IADB","1","316","NA","NA","SLV","1","92","1986-05-01","1986-05-28"
"26","26","El Salvador","1986","1986","7","7","Days of Tranquillity","Vaccination Campaign","1","1","0","Children, women","1","1","1","1","1","0","0","0","Polio (likely also diphtheria, pertussis, tetanus, and measles - children), tetanus (women) (7)","PAHO, UNICEF, Government, Roman Catholic Church, Red Cross, FMLN, USAID, Canadian Public Health Association, IADB","1","316","NA","NA","SLV","1","92","1986-07-01","1986-07-28"
"27","27","El Salvador","1987","1987","2","2","Days of Tranquillity","Vaccination Campaign","1","0","0","Children","1","0","0","0","0","0","0","0","Polio","PAHO, UNICEF, Government, Roman Catholic Church, Red Cross, FMLN, USAID, Canadian Public Health Association, IADB","1","316","NA","NA","SLV","1","92","1987-02-01","1987-02-28"
"28","28","El Salvador","1987","1987","3","3","Days of Tranquillity","Vaccination Campaign","1","0","0","Children","1","0","0","0","0","0","0","0","Polio","PAHO, UNICEF, Government, Roman Catholic Church, Red Cross, FMLN, USAID, Canadian Public Health Association, IADB","1","316","NA","NA","SLV","1","92","1987-03-01","1987-03-28"
"29","29","El Salvador","1988","1988","1","1","Days of Tranquillity","Vaccination Campaign","1","0","0","Children","1","0","1","1","1","0","0","0","Polio, diphtheria, tetanus, pertussis","PAHO, UNICEF, Government, Roman Catholic Church, Red Cross, FMLN, USAID, Canadian Public Health Association, IADB","1","316","NA","NA","SLV","1","92","1988-01-01","1988-01-28"
"30","30","El Salvador","1988","1988","2","2","Days of Tranquillity","Vaccination Campaign","1","0","0","Children","1","0","1","1","1","0","0","0","Polio, diphtheria, tetanus, pertussis","PAHO, UNICEF, Government, Roman Catholic Church, Red Cross, FMLN, USAID, Canadian Public Health Association, IADB","1","316","NA","NA","SLV","1","92","1988-02-01","1988-02-28"
"31","31","El Salvador","1987","1987","4","4","Days of Tranquillity","Vaccination Campaign","1","0","0","Children","1","0","0","0","0","0","0","0","Polio","PAHO, UNICEF, Government, Roman Catholic Church, Red Cross, FMLN, USAID, Canadian Public Health Association, IADB","1","316","NA","NA","SLV","1","92","1987-04-01","1987-04-28"
"32","32","El Salvador","1988","1988","4","4","Days of Tranquillity","Vaccination Campaign","1","0","0","Children","1","0","1","1","1","0","0","0","Polio, diphtheria, tetanus, pertussis","PAHO, UNICEF, Government, Roman Catholic Church, Red Cross, FMLN, USAID, Canadian Public Health Association, IADB","1","316","NA","NA","SLV","1","92","1988-04-01","1988-04-28"
"33","33","El Salvador","1989","1989","3","3","Days of Tranquillity","Vaccination Campaign","1","1","0","Children, pregnant women (6)","1","1","1","1","1","0","0","0","Polio, measles, diphtheria, pertussis, tetanus (6)","PAHO, UNICEF, Government, Roman Catholic Church, Red Cross, FMLN, USAID, Canadian Public Health Association, IADB","1","316","NA","NA","SLV","1","92","1989-03-01","1989-03-28"
"34","34","El Salvador","1989","1989","4","4","Days of Tranquillity","Vaccination Campaign","1","1","0","Children, pregnant women (6)","1","1","1","1","1","0","0","0","Polio, measles, diphtheria, pertussis, tetanus (6)","PAHO, UNICEF, Government, Roman Catholic Church, Red Cross, FMLN, USAID, Canadian Public Health Association, IADB","1","316","NA","NA","SLV","1","92","1989-04-01","1989-04-28"
"35","35","El Salvador","1990","1990","4","4","Days of Tranquillity","Vaccination Campaign","1","0","0","Children","1","1","1","1","1","0","0","0","Polio, measles, diphtheria, tetanus, pertussis","PAHO, UNICEF, Government, Roman Catholic Church, Red Cross, FMLN, USAID, Canadian Public Health Association, IADB","1","316","NA","NA","SLV","1","92","1990-04-01","1990-04-28"
"36","36","El Salvador","1991","1991","2","2","Days of Tranquillity","Vaccination Campaign","1","0","0","Children","1","0","0","0","0","0","0","0","Polio","PAHO, UNICEF, Government, Roman Catholic Church, Red Cross, FMLN, USAID, Canadian Public Health Association, IADB","1","316","NA","NA","SLV","1","92","1991-02-01","1991-02-28"
"37","37","El Salvador","1991","1991","3","3","Days of Tranquillity","Vaccination Campaign","1","0","0","Children","1","0","0","0","0","0","0","0","Polio","PAHO, UNICEF, Government, Roman Catholic Church, Red Cross, FMLN, USAID, Canadian Public Health Association, IADB","1","316","NA","NA","SLV","1","92","1991-03-01","1991-03-28"
"38","38","Bosnia and Herzegovina","1994","1994","2","2","Ceasefire","Vaccination Campaign","1","0","0","Children","0","0","0","0","0","0","0","0","NA","NA","0","389","397","398","BIH","1","346","1994-02-01","1994-02-28"
"39","39","Guinea-Bissau","1999","1999","2","2","Ceasefire","Provision of Vaccines","0","0","0","NA","0","0","0","0","0","0","0","1","Meningitis","EU (2)","0","410","NA","NA","GNB","1","404","1999-02-01","1999-02-28"
"40","40","Lebanon","1987","1987","9","11","Days of Tranquillity","Vaccination Campaign","1","0","0","Children","1","1","0","0","0","0","0","0","""Main childhood diseases"" (4)","UNICEF, Syria, Israel, Government of Lebanon, warring factions (4), ICRC, WHO","1","260","NA","NA","LBN","1","660","1987-09-01","1987-11-28"
"41","41","Liberia","1996","1996","6","6","Days of Tranquillity","Vaccination Campaign","1","0","0","Children (1)","1","0","0","0","0","0","0","0","Polio","UNICEF, WHO","1","341","NA","NA","LBR","1","450","1996-06-01","1996-06-28"
"42","42","Pakistan","2000","2000","NA","NA","Negotiated ceasefires/Days of Transquillity","Vaccination Campaign","1","0","0","Children(?)","1","1","0","0","0","0","0","0","Polio (1), measles (2)","NA","0","404","325","NA","PAK","1","770","NA","NA"
"43","43","Philippines","1993","1993","4","5","Ceasefire for Children (2, 6)","Vaccination Campaign","1","1","0","Children, women","1","1","0","0","1","0","0","1","Polio (1), measles, vitamin A (Children), tetanus (women) (6)","Ceasefire for Children Movement/Ministry of Health","0","308","NA","NA","PHL","1","840","1993-04-01","1993-05-28"
"44","44","Philippines","1994","1994","3","3","National immunisation day","Vaccination Campaign","1","1","0","Children, Women","1","1","0","0","1","0","0","0","Polio and measles (Children), tetanus (Women)","MILF/MNLF(?), Government, Rotary, Lions, NGOs (see Flavier)","0","308","NA","NA","PHL","1","840","1994-03-01","1994-03-28"
"45","45","Philippines","2007","2007","4","4","Days of Tranquillity (translated from French)/Days of Peace","Vaccination Campaign, Provision of Supplements","1","1","1","Children (and their families?)","0","0","0","0","1","0","0","1","Vitamin A, de-worming  (Children), pregnancy care/tetanus (6,7)","UNICEF, MILF","1","308","NA","NA","PHL","1","840","2007-04-01","2007-04-28"
"46","46","Sierra Leone","2000","2000","10","11","National immunisation day","Vaccination Campaign","1","0","0","Children","1","0","0","0","0","0","0","0","Polio","UNICEF, WHO, RUF, Rotary","1","382","NA","NA","SLE","1","451","2000-10-01","2000-11-28"
"47","47","Somalia","1998","1998","NA","NA","NA","Vaccination Campaign (check)","1","0","0","Children","1","0","0","0","0","0","0","0","Polio","UNICEF, WHO","1","337","NA","NA","SOM","1","520","NA","NA"
"48","48","Sri Lanka","1995","1995","10","11","Days of Tranquillity/Corridor of Peace","Vaccination Campaign","1","0","0","Children","1","0","0","0","0","0","0","0","Polio","Government of Sri Lanka, LTTE, UNICEF, Rotary International","1","352","NA","NA","LKA","1","780","1995-10-01","1995-11-28"
"49","49","Sri Lanka","1995","1995","12","12","Days of Tranquillity/Corridor of Peace","Vaccination Campaign","1","0","0","Children","1","0","0","0","0","0","0","0","Polio","Government of Sri Lanka, LTTE, UNICEF, Rotary International","1","352","NA","NA","LKA","1","780","1995-12-01","1995-12-28"
"50","50","Sri Lanka","1996","1996","9","9","Days of Tranquillity/Corridor of Peace","Vaccination Campaign","1","0","0","Children","1","0","0","0","0","0","0","0","Polio","Government of Sri Lanka, LTTE, UNICEF, Rotary International","1","352","NA","NA","LKA","1","780","1996-09-01","1996-09-28"
"51","51","Sri Lanka","1996","1996","10","10","Days of Tranquillity/Corridor of Peace","Vaccination Campaign","1","0","0","Children","1","0","0","0","0","0","0","0","Polio","Government of Sri Lanka, LTTE, UNICEF, Rotary International","1","352","NA","NA","LKA","1","780","1996-10-01","1996-10-28"
"52","52","Sri Lanka","1997","1997","9","9","Days of Tranquillity/Corridor of Peace","Vaccination Campaign","1","0","0","Children","1","0","0","0","0","0","0","0","Polio","Government of Sri Lanka, LTTE, UNICEF, Rotary International","1","352","NA","NA","LKA","1","780","1997-09-01","1997-09-28"
"53","53","Sri Lanka","1997","1997","10","10","Days of Tranquillity/Corridor of Peace","Vaccination Campaign","1","0","0","Children","1","0","0","0","0","0","0","0","Polio","Government of Sri Lanka, LTTE, UNICEF, Rotary International","1","352","NA","NA","LKA","1","780","1997-10-01","1997-10-28"
"54","54","Sri Lanka","1998","1998","9","9","Days of Tranquillity/Corridor of Peace","Vaccination Campaign","1","0","0","Children","1","0","0","0","0","0","0","0","Polio","Government of Sri Lanka, LTTE, UNICEF, Rotary International","1","352","NA","NA","LKA","1","780","1998-09-01","1998-09-28"
"55","55","Sri Lanka","1998","1998","10","10","Days of Tranquillity/Corridor of Peace","Vaccination Campaign","1","0","0","Children","1","0","0","0","0","0","0","0","Polio","Government of Sri Lanka, LTTE, UNICEF, Rotary International","1","352","NA","NA","LKA","1","780","1998-10-01","1998-10-28"
"56","56","Sri Lanka","1999","1999","9","9","Days of Tranquillity/Corridor of Peace","Vaccination Campaign","1","0","0","Children","1","0","0","0","0","0","0","0","Polio","Government of Sri Lanka, LTTE, UNICEF, Rotary International","1","352","NA","NA","LKA","1","780","1999-09-01","1999-09-28"
"57","57","Sri Lanka","1999","1999","10","10","Days of Tranquillity/Corridor of Peace","Vaccination Campaign","1","0","0","Children","1","0","0","0","0","0","0","0","Polio","Government of Sri Lanka, LTTE, UNICEF, Rotary International","1","352","NA","NA","LKA","1","780","1999-10-01","1999-10-28"
"58","58","Sri Lanka","2000","2000","10","10","Days of Tranquillity/Corridor of Peace","Vaccination Campaign","1","0","0","Children","1","0","0","0","0","0","0","0","Polio","Government of Sri Lanka, LTTE, UNICEF, Rotary International","1","352","NA","NA","LKA","1","780","2000-10-01","2000-10-28"
"59","59","Sri Lanka","2000","2000","12","12","Days of Tranquillity/Corridor of Peace","Vaccination Campaign","1","0","0","Children","1","0","0","0","0","0","0","0","Polio","Government of Sri Lanka, LTTE, UNICEF, Rotary International","1","352","NA","NA","LKA","1","780","2000-12-01","2000-12-28"
"60","60","Sri Lanka","2001","2001","9","9","Days of Tranquillity/Corridor of Peace","Vaccination Campaign","1","0","0","Children","1","0","0","0","0","0","0","0","Polio","Government of Sri Lanka, LTTE, UNICEF, Rotary International","1","352","NA","NA","LKA","1","780","2001-09-01","2001-09-28"
"61","61","Sri Lanka","2001","2001","10","10","Days of Tranquillity/Corridor of Peace","Vaccination Campaign","1","0","0","Children","1","0","0","0","0","0","0","0","Polio","Government of Sri Lanka, LTTE, UNICEF, Rotary International","1","352","NA","NA","LKA","1","780","2001-10-01","2001-10-28"
"62","62","Sri Lanka","2002","2003","NA","NA","Days of Tranquillity/Corridor of Peace","Vaccination Campaign","1","0","0","Children","1","0","0","0","0","0","0","0","Polio","Government of Sri Lanka, LTTE, UNICEF, Rotary International","1","352","NA","NA","LKA","1","780","NA","NA"
"63","63","Sudan","1989","1989","NA","NA","Corridors of tranquillity","Vaccination Campaign (1)","1","1","0","Children, women (1)","1","1","1","0","1","0","0","1","Measles, polio, diphtheria, tuberculosis (Children), tetanus (Women) (1)","UNICEF/Operation Lifeline Sudan","1","309","NA","NA","SDN","1","625","NA","NA"
"64","64","Sudan","1994","1994","4","6","Days of Tranquillity/Corridors","Vaccination Campaign, Polio Surveillance","1","0","0","Children","1","1","0","0","0","0","0","0","Polio, measles(?)","NA","0","309","NA","NA","SDN","1","625","1994-04-01","1994-06-28"
"65","65","Sudan","1995","1995","3","5","Ceasefire","Vaccination Campaign, Disease eradication","1","0","1","Children (and adults?)","1","0","0","0","0","0","0","1","Guinea worm, polio, river blindness","Carter Centre (President Carter), SPLM/A, and Government of Sudan","0","309","NA","NA","SDN","1","625","1995-03-01","1995-05-28"
"66","66","Sudan","1998","1998","7","7","Ceasefire","Vaccination Campaign","0","0","0","NA","0","0","0","0","0","0","0","0","NA","NA","0","309","NA","NA","SDN","1","625","1998-07-01","1998-07-28"
"67","67","Sudan","2000","2000","10","11","NA","Vaccination Campaign","1","0","0","Children","1","0","0","0","0","0","0","0","Polio (3)","UN, UNICEF, Khartoum authorities, ""Secessionist leaders"" (1)","1","309","NA","NA","SDN","1","625","2000-10-01","2000-11-28"
"68","68","Sudan","2005","2005","1","1","Days of Tranquillity/Vaccination Truce","Vaccination Campaign","1","0","0","Children","1","0","0","0","0","0","0","0","Polio","UN, UNICEF, WHO, Sudanese warring parties, Sudanese health ministry","1","309","NA","NA","SDN","1","625","2005-01-01","2005-01-28"
"69","69","Syria","2013","2014","11","1","NA","Vaccination Campaign","1","0","0","Children","1","0","0","0","0","0","0","0","Polio","A coalition of local NGOs and ""moderate rebels"" and the Turkish authorities, local rebel leaders (1), Assistance Coordination Unit (2)","0","299","NA","NA","SYR","1","652","2013-11-01","2014-01-28"
"70","70","Uganda","1985","1986","12","1","Corridor of Peace","Delivery of medical supplies and vaccines","0","0","0","NA","0","0","0","0","0","0","0","0","NA","UNICEF, NRA, Government of Uganda","1","314","NA","NA","UGA","1","500","1985-12-01","1986-01-28"
"71","71","Yemen","2015","2015","5","5","Humanitarian Pause/Ceasefire","Delivery of Vaccines and Health Care","0","0","0","NA","0","0","0","0","0","0","0","0","NA","WHO, UNICEF","1","230","NA","NA","YEM","1","678","2015-05-01","2015-05-28"
"72","72","Yemen","2015","2015","7","7","Humanitarian Pause","Vaccination Campaign, Polio Surveillance","1","0","0","Children","1","1","0","0","0","0","1","0","Polio, measles, rubella","WHO, UNICEF","1","230","NA","NA","YEM","1","678","2015-07-01","2015-07-28"
"73","73","Yemen","2016","2016","4","4","Cessation of Hostilities","Vaccination Campaign, Vitamin Provision, Other medical services","1","0","0","Children","1","0","0","0","0","0","0","1","Polio, vitamin A provision","UNICEF, WHO, World Bank, Ministry of Public Health and Population","1","230","NA","NA","YEM","1","678","2016-04-01","2016-04-28"
"74","74","Yemen","2018","2018","9","10","Days of Tranquillity","Vaccination Campaign","1","0","1","Children, Adults","0","0","0","0","0","1","0","0","Cholera","WHO, UNICEF, ""parties to the conflict"" (1)","1","230","NA","NA","YEM","1","678","2018-09-01","2018-10-28"